patient_id,repeat,target,y,p,pred,width
0,0,CAD,1,0.7744944872733236,1.0,0.2243362332644453
1,0,CAD,1,0.9668645803501255,1.0,0.033669222575928415
2,0,CAD,1,0.9501462848523635,1.0,0.07003830433100722
3,0,CAD,0,0.7832118886128994,1.0,0.5042289530864492
4,0,CAD,0,0.3221106427652425,0.0,0.30494075395462955
5,0,CAD,1,0.7028635271173976,0.0,0.1197499315521312
6,0,CAD,1,0.9523352836486169,1.0,0.06711110970462797
7,0,CAD,1,0.9826311904842407,1.0,0.06758483289007478
8,0,CAD,0,0.2009019455334804,0.0,0.19191119775558285
9,0,CAD,1,0.9751601228568519,1.0,0.05033121103011706
10,0,CAD,1,0.9382914489341397,1.0,0.030824437022118234
11,0,CAD,1,0.9974705490584345,1.0,0.0017547626430169938
12,0,CAD,1,0.9900458282602423,1.0,0.014299752532256016
13,0,CAD,1,0.9757269635868614,1.0,0.03727671066512128
14,0,CAD,1,0.5864738843150821,0.0,0.21727797258012438
15,0,CAD,1,0.8209447773796774,1.0,0.20428420347077392
16,0,CAD,0,0.15247470309296127,0.0,0.3194021716324643
17,0,CAD,0,0.35567573194307317,0.0,0.3860560273400916
18,0,CAD,1,0.9256585207493323,1.0,0.04344930107660183
19,0,CAD,1,0.975735925977992,1.0,0.022284000265838433
20,0,CAD,1,0.1799874390886238,0.0,0.12997309575023952
21,0,CAD,1,0.9245915790659245,1.0,0.046868232689110556
22,0,CAD,1,0.9973381161653688,1.0,0.005423423818617601
23,0,CAD,1,0.9883251434445527,1.0,0.018416372894445532
24,0,CAD,1,0.9418953722622811,1.0,0.020098512309114636
25,0,CAD,1,0.9735660462167067,1.0,0.0280600084546474
26,0,CAD,0,0.48871035616022257,0.0,0.19394904076006325
27,0,CAD,1,0.5683371033079574,0.0,0.34169868523277325
28,0,CAD,1,0.9723927435057291,1.0,0.025077534451160788
29,0,CAD,1,0.959986686536057,1.0,0.10413887591156701
30,0,CAD,1,0.7883269204889038,1.0,0.2346257124098614
31,0,CAD,1,0.9456671559764468,1.0,0.06428021343719847
32,0,CAD,1,0.9299671108610145,1.0,0.10466310544189117
33,0,CAD,1,0.9414628700677521,1.0,0.08707437135475993
34,0,CAD,1,0.9435813640640083,1.0,0.11273481217341907
35,0,CAD,0,0.16396760590283582,0.0,0.1749965991439554
36,0,CAD,1,0.9740238217172096,1.0,0.05796611103310756
37,0,CAD,1,0.9595044494876869,1.0,0.19315879662270563
38,0,CAD,1,0.7687608755982113,0.0,0.19150295928830452
39,0,CAD,1,0.9893307228488294,1.0,0.02860002708093068
40,0,CAD,1,0.9969904183847845,1.0,0.005282996321314126
41,0,CAD,0,0.11994395822034032,0.0,0.19866277314710518
42,0,CAD,0,0.49666803697193984,0.0,0.42854391989760987
43,0,CAD,1,0.5779265358758451,0.0,0.32590175592461823
44,0,CAD,1,0.7601860932145844,1.0,0.10314015912586016
45,0,CAD,1,0.9482641452749295,1.0,0.0640263791961514
46,0,CAD,1,0.6713202122792915,0.0,0.22839392672529124
47,0,CAD,1,0.9888182300032294,1.0,0.006871680725629825
48,0,CAD,0,0.1793232089290182,0.0,0.32366395423570804
49,0,CAD,1,0.6584919488312705,0.0,0.18800622226542474
50,0,CAD,1,0.665400505318732,0.0,0.25700712715801466
51,0,CAD,1,0.9579341459511354,1.0,0.020714899815405197
52,0,CAD,1,0.9730800966956278,1.0,0.022435736429459063
53,0,CAD,1,0.6362820390126807,0.0,0.23026768628959338
54,0,CAD,0,0.12690269663218046,0.0,0.16742204997699736
55,0,CAD,1,0.9734360096325793,1.0,0.024836838521820948
56,0,CAD,1,0.9802458096022887,1.0,0.03552071730024842
57,0,CAD,1,0.9738461330993425,1.0,0.024000832672504635
58,0,CAD,1,0.18409628944360168,0.0,0.15436954760982488
59,0,CAD,1,0.9920129695992532,1.0,0.038197893328467125
60,0,CAD,0,0.2722073479456671,0.0,0.32470898315143937
61,0,CAD,1,0.5944124276931891,0.0,0.3065111873368396
62,0,CAD,1,0.3987670153927527,0.0,0.5896181623498176
63,0,CAD,1,0.9084696277385024,1.0,0.0852827171473115
64,0,CAD,0,0.14278676640731613,0.0,0.3629372589432278
65,0,CAD,1,0.8842931406272552,1.0,0.06752950042588524
66,0,CAD,1,0.9729079331481234,1.0,0.02043031340605539
67,0,CAD,0,0.6875155567822145,0.0,0.15634426967649018
68,0,CAD,0,0.3265272698632132,0.0,0.1426759768552488
69,0,CAD,1,0.915030701376559,1.0,0.11528774448981005
70,0,CAD,0,0.27556497026323107,0.0,0.10040782850011332
71,0,CAD,1,0.9454216298546424,1.0,0.036312161780749475
72,0,CAD,1,0.9316139060671702,1.0,0.05280736987983259
73,0,CAD,1,0.8475226017925755,1.0,0.12163958599783387
74,0,CAD,1,0.9963793767743848,1.0,0.005477812379263369
75,0,CAD,1,0.7888704220650635,1.0,0.25174769643497374
76,0,CAD,1,0.9837489746222325,1.0,0.03417368113172292
77,0,CAD,1,0.8054180329173913,1.0,0.1234226297964306
78,0,CAD,1,0.8139930240288494,1.0,0.17698969512816487
79,0,CAD,0,0.40066957727899144,0.0,0.3260426508546337
80,0,CAD,1,0.9520140800980273,1.0,0.09613287873165854
81,0,CAD,1,0.9769311667731609,1.0,0.024531097244485434
82,0,CAD,1,0.7815822643888685,1.0,0.40712111687997365
83,0,CAD,1,0.8825475902568852,1.0,0.12708354979158443
84,0,CAD,1,0.9502977330238718,1.0,0.04635922804112602
85,0,CAD,1,0.4857122591021222,0.0,0.2936579000720576
86,0,CAD,1,0.9332196975994429,1.0,0.05633918302901053
87,0,CAD,1,0.9851211299126788,1.0,0.014909889328528658
88,0,CAD,1,0.9742072746522887,1.0,0.04236503548114401
89,0,CAD,1,0.9873303397142285,1.0,0.051118220833095473
90,0,CAD,1,0.7353112789742292,0.0,0.22131864923436684
91,0,CAD,0,0.6082703350759991,0.0,0.4251122676579664
92,0,CAD,1,0.9967791473280286,1.0,0.010884680836257599
93,0,CAD,0,0.9626928924985867,1.0,0.06281793641067135
94,0,CAD,1,0.9201706682365752,1.0,0.17065582470598195
95,0,CAD,1,0.8769662928734986,1.0,0.07388903568112015
96,0,CAD,1,0.9361592400278361,1.0,0.03182844490302983
97,0,CAD,1,0.860007773593568,1.0,0.09215145251240908
98,0,CAD,1,0.9552841236640743,1.0,0.04358738310736421
99,0,CAD,1,0.4671142270644902,0.0,0.3560431849237007
100,0,CAD,1,0.9922865680463513,1.0,0.02118272367894236
101,0,CAD,1,0.9907547011147634,1.0,0.013638451322416145
102,0,CAD,0,0.1161156740053404,0.0,0.1490115003111513
103,0,CAD,1,0.8737424861304609,1.0,0.15856057006114277
104,0,CAD,1,0.7638177550890405,1.0,0.16260199034650713
105,0,CAD,1,0.9484610106841515,1.0,0.14191073209588811
106,0,CAD,1,0.9309119368632955,1.0,0.07896007514621484
107,0,CAD,1,0.6993404076111803,0.0,0.13133007641669314
108,0,CAD,0,0.35922973605756825,0.0,0.35378629051766114
109,0,CAD,1,0.9782131323864327,1.0,0.04431839148819239
110,0,CAD,1,0.2526283266078205,0.0,0.3862536658089734
111,0,CAD,1,0.9630093028294118,1.0,0.03189136803924397
112,0,CAD,1,0.8756389542823438,1.0,0.11143992845147466
113,0,CAD,0,0.14722508047105057,0.0,0.10417907397236989
114,0,CAD,1,0.9974294557668117,1.0,0.014691902378046184
115,0,CAD,1,0.9568020205597364,1.0,0.06386491332757904
116,0,CAD,1,0.9674355652550354,1.0,0.017437958233017636
117,0,CAD,1,0.9615528224100807,1.0,0.02413873646281972
118,0,CAD,1,0.9941161493250293,1.0,0.008736866122447617
119,0,CAD,1,0.907458539983138,1.0,0.04204171947047497
120,0,CAD,1,0.7366023694543324,0.0,0.1285954704418132
121,0,CAD,1,0.8831603307084258,1.0,0.18656088466414378
122,0,CAD,1,0.8400536430203407,1.0,0.22863843483808022
123,0,CAD,1,0.5380016307707111,0.0,0.2828025555941225
124,0,CAD,1,0.8319383480115624,1.0,0.15413003396209013
125,0,CAD,1,0.890551541889102,1.0,0.11516296874394316
126,0,CAD,1,0.94873403978362,1.0,0.13711795180931485
127,0,CAD,1,0.972448589003244,1.0,0.03710922516794324
128,0,CAD,1,0.6572468474115437,0.0,0.18128460339653907
129,0,CAD,0,0.4494362320305807,0.0,0.29452515038481164
130,0,CAD,0,0.24833829398441043,0.0,0.16786035289791706
131,0,CAD,1,0.9670296683438467,1.0,0.05016924089999253
132,0,CAD,1,0.9505184049080536,1.0,0.059107589399984506
133,0,CAD,0,0.5005350980177461,0.0,0.2672865645925551
134,0,CAD,1,0.8788041339433091,1.0,0.26438112923935564
135,0,CAD,1,0.9761520586845327,1.0,0.06145526642869459
136,0,CAD,0,0.29212683558614294,0.0,0.26898455932001386
137,0,CAD,0,0.2642722667444798,0.0,0.4408604609459346
138,0,CAD,1,0.9553527659811092,1.0,0.09462403485625603
139,0,CAD,1,0.987854340209149,1.0,0.022487176729390712
140,0,CAD,1,0.7818877880011562,1.0,0.3113691071152703
141,0,CAD,1,0.9948442322962597,1.0,0.010674408478677178
142,0,CAD,1,0.2754237537906293,0.0,0.28249428617823674
143,0,CAD,0,0.02828980617252677,0.0,0.08673926010844021
144,0,CAD,1,0.9843806086311345,1.0,0.04605771512795198
145,0,CAD,1,0.8898904227514871,1.0,0.10647617836976331
146,0,CAD,1,0.9886992866991405,1.0,0.012414488381674471
147,0,CAD,1,0.9908705466687454,1.0,0.07241542365643427
148,0,CAD,1,0.8144498719797539,1.0,0.15161481557904777
149,0,CAD,1,0.9724239208401343,1.0,0.08982244430518249
150,0,CAD,0,0.6568923067878688,0.0,0.31533922836420025
151,0,CAD,0,0.5798668924328386,0.0,0.3597152269087522
152,0,CAD,1,0.7679614801458986,1.0,0.30572145077087687
153,0,CAD,0,0.6592588647206644,0.0,0.3337038425966776
154,0,CAD,1,0.8982048726731987,1.0,0.138414372660981
155,0,CAD,1,0.9768730548273007,1.0,0.01848402666653237
156,0,CAD,1,0.8508793433081131,1.0,0.1442912018390783
157,0,CAD,1,0.5949504344870183,0.0,0.2866849648224002
158,0,CAD,1,0.34264789358402287,0.0,0.44485426777272824
159,0,CAD,1,0.9920711940614297,1.0,0.030322055345344934
160,0,CAD,1,0.7079530599599112,0.0,0.2679749724757723
161,0,CAD,1,0.9930346433558231,1.0,0.01926609271857438
162,0,CAD,1,0.9564312918818635,1.0,0.07866023455070348
163,0,CAD,1,0.9653011986672556,1.0,0.24779644710081894
164,0,CAD,1,0.9795352491057975,1.0,0.01828495721807888
165,0,CAD,1,0.6939241926782986,0.0,0.12262545640966971
166,0,CAD,0,0.1965503041457907,0.0,0.3492673400731304
167,0,CAD,1,0.775889181266279,1.0,0.30817297880490147
168,0,CAD,0,0.30570560491021453,0.0,0.3754721216146035
169,0,CAD,0,0.17474713907240233,0.0,0.23465867948321004
170,0,CAD,0,0.22102716325717595,0.0,0.3150921791581985
171,0,CAD,1,0.9792845597511337,1.0,0.019508601927209046
172,0,CAD,1,0.887523348495208,1.0,0.10861865111823699
173,0,CAD,1,0.9739609723608288,1.0,0.029092895466562574
174,0,CAD,1,0.9857673889328828,1.0,0.008715343392392771
175,0,CAD,0,0.8593929251309668,1.0,0.1727468609162398
176,0,CAD,1,0.3411213763889236,0.0,0.21923413117967944
177,0,CAD,1,0.9334705875609224,1.0,0.05229792951566958
178,0,CAD,1,0.8854231287868414,1.0,0.10431751617368157
179,0,CAD,0,0.2853106467476589,0.0,0.47183705922216757
180,0,CAD,1,0.2875205928910097,0.0,0.18287428492420146
181,0,CAD,1,0.9421271587409782,1.0,0.038215533528972
182,0,CAD,1,0.6485243616030893,0.0,0.2116503716194259
183,0,CAD,0,0.7899922060606109,1.0,0.13731732498151117
184,0,CAD,1,0.8439434110696745,1.0,0.1714817064254126
185,0,CAD,0,0.8168329843837975,1.0,0.30494376858744376
186,0,CAD,0,0.7948609564997088,1.0,0.15093218534958086
187,0,CAD,1,0.9735455033096189,1.0,0.0635139491405905
188,0,CAD,1,0.6416585834783349,0.0,0.2521365855094042
189,0,CAD,1,0.6504078266130053,0.0,0.4075408390166521
190,0,CAD,0,0.7711283971582535,0.0,0.17521829180331816
191,0,CAD,1,0.936971348654482,1.0,0.04188040474270971
192,0,CAD,0,0.10622106881158638,0.0,0.16880191666507188
193,0,CAD,0,0.721969256487547,0.0,0.3600401702094339
194,0,CAD,0,0.2280564857229197,0.0,0.2964105402680003
195,0,CAD,1,0.9559511248205372,1.0,0.0551949926226839
196,0,CAD,0,0.12599216213386352,0.0,0.10964986961311093
197,0,CAD,1,0.9510566961854376,1.0,0.03475837827330075
198,0,CAD,1,0.9672569020970148,1.0,0.022570087823800655
199,0,CAD,0,0.2667815971660905,0.0,0.18371192446825854
200,0,CAD,1,0.9417243267227994,1.0,0.10710023382378764
201,0,CAD,0,0.8492269840178034,1.0,0.22867538581365576
202,0,CAD,1,0.9526593199358646,1.0,0.03087317572425674
203,0,CAD,0,0.2679835513650761,0.0,0.2584683901903313
204,0,CAD,0,0.39887688620055073,0.0,0.35242466451997434
205,0,CAD,1,0.6321150926670744,0.0,0.18844552865808628
206,0,CAD,1,0.976542519080421,1.0,0.06342583844748784
207,0,CAD,1,0.9366708351729379,1.0,0.05700740465253984
208,0,CAD,1,0.808143711151439,1.0,0.20341703123957433
209,0,CAD,1,0.9584368369498889,1.0,0.02445682785780734
210,0,CAD,0,0.3475599123060715,0.0,0.23132329534050317
211,0,CAD,1,0.8696450956216631,1.0,0.11973086472699856
212,0,CAD,0,0.0483610471647589,0.0,0.047140834612569474
213,0,CAD,0,0.9609983432046602,1.0,0.05229280709318873
214,0,CAD,0,0.921438327008231,1.0,0.06359509981704758
215,0,CAD,1,0.9779363367950991,1.0,0.023073146231507802
216,0,CAD,0,0.557581334140001,0.0,0.237377098318456
217,0,CAD,0,0.42985123767370786,0.0,0.3269569773068564
218,0,CAD,0,0.6393928914012956,0.0,0.24356370170062724
219,0,CAD,1,0.18440104479698163,0.0,0.282793652776487
220,0,CAD,1,0.893638784458726,1.0,0.11089831480402468
221,0,CAD,1,0.4704299508899917,0.0,0.39016857551538825
222,0,CAD,1,0.947680545824993,1.0,0.0595645264000223
223,0,CAD,1,0.7474393475665995,0.0,0.20453111309441419
224,0,CAD,1,0.9798732419858046,1.0,0.014525967914279847
225,0,CAD,1,0.9110481023200383,1.0,0.11636965835644819
226,0,CAD,1,0.9728891445201496,1.0,0.05014168577243561
227,0,CAD,1,0.9328225543664713,1.0,0.06413182573953347
228,0,CAD,1,0.8169675090781948,1.0,0.21884276666221425
229,0,CAD,1,0.9626807379208168,1.0,0.030957069801043846
230,0,CAD,1,0.9813037961049355,1.0,0.011985304693273524
231,0,CAD,1,0.9823106605791311,1.0,0.020814275838412333
232,0,CAD,1,0.9483777190803414,1.0,0.0670996722035363
233,0,CAD,0,0.48874411862071127,0.0,0.22081640358702687
234,0,CAD,0,0.12584300923524888,0.0,0.27391058553913566
235,0,CAD,1,0.9554906152375241,1.0,0.07678558293362747
236,0,CAD,1,0.8247363409009374,1.0,0.10987233787738804
237,0,CAD,1,0.41544654844716566,0.0,0.25337831534229893
238,0,CAD,1,0.2759605986746408,0.0,0.3241947114385729
239,0,CAD,1,0.9781506117425476,1.0,0.048350389877610644
240,0,CAD,1,0.9717118352331431,1.0,0.01423873347970217
241,0,CAD,1,0.8180785364996357,1.0,0.1927985814990153
242,0,CAD,1,0.9295172621715091,1.0,0.03779359165565588
243,0,CAD,1,0.8466181594778912,1.0,0.16543942563595437
244,0,CAD,1,0.698252262981227,0.0,0.14919789323140475
245,0,CAD,1,0.23979720195455823,0.0,0.4346026330743169
246,0,CAD,1,0.9819983954851512,1.0,0.017617835143165395
247,0,CAD,0,0.2386900118441092,0.0,0.34085314894038854
248,0,CAD,1,0.9783379444840636,1.0,0.016912799219947927
249,0,CAD,1,0.9284413227165867,1.0,0.03297602794059229
250,0,CAD,1,0.9569235464111149,1.0,0.04558857073113631
251,0,CAD,1,0.40058352353528254,0.0,0.2001493901802302
252,0,CAD,1,0.8920816495107559,1.0,0.08667636689791391
253,0,CAD,1,0.7972103537022147,1.0,0.0776241059373215
254,0,CAD,0,0.7134904470602658,1.0,0.36226110862345806
255,0,CAD,0,0.15879058607157295,0.0,0.13631608637211146
256,0,CAD,0,0.3432341617449774,0.0,0.23593995873336915
257,0,CAD,0,0.23735463515845567,0.0,0.22870582005043488
258,0,CAD,0,0.27921564452155606,0.0,0.2826629899541791
259,0,CAD,1,0.5825782084603431,0.0,0.17544299953743941
260,0,CAD,1,0.9854712712486452,1.0,0.02688532716890435
261,0,CAD,0,0.034420952113369964,0.0,0.05492614697117981
262,0,CAD,1,0.7045836666745579,0.0,0.1874688550787127
263,0,CAD,0,0.06149229409029785,0.0,0.14276070527717347
264,0,CAD,0,0.23797888382974852,0.0,0.2943984451032652
265,0,CAD,1,0.8029488557863518,1.0,0.17858746541482384
266,0,CAD,1,0.9776402394679566,1.0,0.05025753026399771
267,0,CAD,1,0.6905427401312788,1.0,0.19589159703533265
268,0,CAD,0,0.16110480038643285,0.0,0.10254362138629307
269,0,CAD,1,0.9320173741755354,1.0,0.045671766156797466
270,0,CAD,0,0.14264099959359336,0.0,0.22392653312386904
271,0,CAD,1,0.9320357665771738,1.0,0.03281256866463411
272,0,CAD,0,0.7560845145958054,1.0,0.14415953370667856
273,0,CAD,1,0.9822306171751135,1.0,0.019877498016860562
274,0,CAD,1,0.9990146554633883,1.0,0.00652173844559123
275,0,CAD,1,0.9323099307803556,1.0,0.10039219993021486
276,0,CAD,0,0.22513454736415708,0.0,0.1424064254323702
277,0,CAD,1,0.990069345217251,1.0,0.01331227017544645
278,0,CAD,1,0.9627607582831761,1.0,0.020417320771645042
279,0,CAD,1,0.9768883084773159,1.0,0.04084084236451746
280,0,CAD,0,0.7094695359219113,0.0,0.36015923894940904
281,0,CAD,1,0.9602073611418221,1.0,0.05416669574059474
282,0,CAD,1,0.9439209020640155,1.0,0.04594255358363997
283,0,CAD,1,0.8862209499017842,1.0,0.27750747341982773
284,0,CAD,0,0.7959735636202007,1.0,0.19705566120346485
285,0,CAD,0,0.20001668529533853,0.0,0.32874862414977557
286,0,CAD,0,0.3959641007357176,0.0,0.3162156314271952
287,0,CAD,0,0.5715388445512082,0.0,0.2279475208342695
288,0,CAD,1,0.5629198915901042,0.0,0.23249459926418192
289,0,CAD,0,0.2789431457478269,0.0,0.2383835397231861
290,0,CAD,0,0.06819731027763053,0.0,0.1434922970157184
291,0,CAD,0,0.6761362964297767,0.0,0.23850122618505232
292,0,CAD,0,0.6577181990649336,0.0,0.36822779565320973
293,0,CAD,0,0.6192241234165584,0.0,0.37501180327307904
294,0,CAD,1,0.8409038855380842,1.0,0.24000627825736298
295,0,CAD,0,0.6060800616197671,0.0,0.35320402403994133
296,0,CAD,0,0.27079238297222585,0.0,0.209742872538461
297,0,CAD,0,0.2662035582090443,0.0,0.2160502688148361
298,0,CAD,1,0.922585325986681,1.0,0.055630147999789936
299,0,CAD,0,0.26985895083943867,0.0,0.21175148166418054
300,0,CAD,0,0.23034323593231099,0.0,0.2773330558228465
301,0,CAD,0,0.1112537466687248,0.0,0.23601282843600338
302,0,CAD,1,0.830336491826749,1.0,0.07510880505874507
0,1,CAD,1,0.5883220664560079,0.0,0.3479655417024282
1,1,CAD,1,0.9866468776520616,1.0,0.011239405868440966
2,1,CAD,1,0.9356582651331801,1.0,0.061653812444657285
3,1,CAD,0,0.21094081791195732,0.0,0.35176211377503214
4,1,CAD,0,0.2661260177830283,0.0,0.3768924536868482
5,1,CAD,1,0.7831717514957225,1.0,0.17488377956903112
6,1,CAD,1,0.9420549326117102,1.0,0.13021615641842865
7,1,CAD,1,0.9530009562686454,1.0,0.04511217044363569
8,1,CAD,0,0.024378742143339596,0.0,0.021134667977641793
9,1,CAD,1,0.9140960919566575,1.0,0.25381578413103945
10,1,CAD,1,0.7981976840918388,1.0,0.26642472431302655
11,1,CAD,1,0.9985103181814466,1.0,0.006886859439293347
12,1,CAD,1,0.996008598168344,1.0,0.017310129277136155
13,1,CAD,1,0.9423366401296747,1.0,0.07915300167616701
14,1,CAD,1,0.5875500220397422,0.0,0.17073401674723054
15,1,CAD,1,0.8710672268316682,1.0,0.2440710011428734
16,1,CAD,0,0.1345619457326081,0.0,0.45898441678996543
17,1,CAD,0,0.37653098667346363,0.0,0.3270221674697368
18,1,CAD,1,0.9544781226155447,1.0,0.1094614000666323
19,1,CAD,1,0.9932367303669638,1.0,0.01818151011468494
20,1,CAD,1,0.10063024908921288,0.0,0.1431386861700536
21,1,CAD,1,0.9475162103167861,1.0,0.06914049406607736
22,1,CAD,1,0.9962211464335841,1.0,0.014829720491096876
23,1,CAD,1,0.9830440167988636,1.0,0.032246292511788455
24,1,CAD,1,0.8233275983951751,1.0,0.16688044245984113
25,1,CAD,1,0.9397548534472838,1.0,0.04133572437194655
26,1,CAD,0,0.18768353877579483,0.0,0.30938305387985127
27,1,CAD,1,0.28732425884969454,0.0,0.3300816887705673
28,1,CAD,1,0.985344475955562,1.0,0.037302064257834555
29,1,CAD,1,0.9691835865492359,1.0,0.13964526986116443
30,1,CAD,1,0.8598587329732146,1.0,0.12807717155618348
31,1,CAD,1,0.9486655507193703,1.0,0.10458367583962225
32,1,CAD,1,0.929164221603406,1.0,0.06557339777957372
33,1,CAD,1,0.942287286020186,1.0,0.13564020065311633
34,1,CAD,1,0.9666810778735647,1.0,0.15984561878434989
35,1,CAD,0,0.2516804698979606,0.0,0.49507094640003835
36,1,CAD,1,0.9821436356059509,1.0,0.03097292666209306
37,1,CAD,1,0.9720309176372789,1.0,0.21481542436885792
38,1,CAD,1,0.9387057771532575,1.0,0.1277783680004051
39,1,CAD,1,0.98819124078938,1.0,0.04609966224310569
40,1,CAD,1,0.9916856666085175,1.0,0.047015176402421366
41,1,CAD,0,0.15400294322682326,0.0,0.17055504414274358
42,1,CAD,0,0.23397615110225378,0.0,0.32107457679601964
43,1,CAD,1,0.8485550137675345,1.0,0.247333914735124
44,1,CAD,1,0.7569940363951989,1.0,0.18286486503008326
45,1,CAD,1,0.9615897109156933,1.0,0.04884611022131824
46,1,CAD,1,0.6630660548151126,0.0,0.2378364288384479
47,1,CAD,1,0.9787276133059408,1.0,0.038919182694234
48,1,CAD,0,0.1435418677651883,0.0,0.2678416088712365
49,1,CAD,1,0.41149890758344504,0.0,0.2971148542130668
50,1,CAD,1,0.684445044816698,0.0,0.30774326704791843
51,1,CAD,1,0.8665803625473772,1.0,0.16321263525923047
52,1,CAD,1,0.9471580419145894,1.0,0.040904455161862585
53,1,CAD,1,0.49034349887042633,0.0,0.2970995059879356
54,1,CAD,0,0.11187658897967358,0.0,0.20666638123555758
55,1,CAD,1,0.9690235516354849,1.0,0.029140739803330096
56,1,CAD,1,0.9855929091461532,1.0,0.04344338688043614
57,1,CAD,1,0.9851353507971616,1.0,0.03488273253433105
58,1,CAD,1,0.7732116277212301,1.0,0.2325277823512325
59,1,CAD,1,0.9822843528048647,1.0,0.03907992046582309
60,1,CAD,0,0.2720634530227973,0.0,0.24188445118473018
61,1,CAD,1,0.7529603845661065,0.0,0.44516388135875046
62,1,CAD,1,0.39809161613721983,0.0,0.4017609739860795
63,1,CAD,1,0.9678179496241498,1.0,0.09072501245427611
64,1,CAD,0,0.11827486584665665,0.0,0.2394746202976674
65,1,CAD,1,0.9156403970401282,1.0,0.09421982767409964
66,1,CAD,1,0.9684985805024948,1.0,0.050717745723260155
67,1,CAD,0,0.34359613791753635,0.0,0.34475223849247094
68,1,CAD,0,0.32032208788536026,0.0,0.3700092042453755
69,1,CAD,1,0.9502570333142563,1.0,0.032719352630961374
70,1,CAD,0,0.3221889325197735,0.0,0.3620097800258547
71,1,CAD,1,0.945914023370522,1.0,0.07064294172392016
72,1,CAD,1,0.643373317172906,0.0,0.28064869412027194
73,1,CAD,1,0.7730427290435973,1.0,0.401657741444044
74,1,CAD,1,0.998273289137364,1.0,0.0026142818678986934
75,1,CAD,1,0.36183166649395465,0.0,0.35670752888554363
76,1,CAD,1,0.9678184874880985,1.0,0.035050396374853854
77,1,CAD,1,0.856142051973435,1.0,0.14806193902940168
78,1,CAD,1,0.7873161026062968,1.0,0.15810586837836682
79,1,CAD,0,0.383058973679566,0.0,0.14226143088239684
80,1,CAD,1,0.9640643268426133,1.0,0.0783755363189188
81,1,CAD,1,0.9961921124252902,1.0,0.018360343306720317
82,1,CAD,1,0.9561069823244571,1.0,0.2096602863065422
83,1,CAD,1,0.9673195712134847,1.0,0.22152783880334193
84,1,CAD,1,0.9874057298182796,1.0,0.03888364844441328
85,1,CAD,1,0.5654427762137049,0.0,0.2624545618548685
86,1,CAD,1,0.9614857847332274,1.0,0.06574761701990983
87,1,CAD,1,0.9915950445896476,1.0,0.01001243384481354
88,1,CAD,1,0.9708636010950035,1.0,0.06779613773173576
89,1,CAD,1,0.9924805587349764,1.0,0.0264539186538002
90,1,CAD,1,0.7568337492630549,1.0,0.20702956154572516
91,1,CAD,0,0.30379802230960434,0.0,0.31786008027724344
92,1,CAD,1,0.9962795110646953,1.0,0.017030830648113726
93,1,CAD,0,0.9850812957611951,1.0,0.029037529838336407
94,1,CAD,1,0.8629702394116009,1.0,0.06087320758653059
95,1,CAD,1,0.8852448536087426,1.0,0.033594078459173615
96,1,CAD,1,0.928526860470439,1.0,0.09418225239901723
97,1,CAD,1,0.9677002860413765,1.0,0.021759991191654504
98,1,CAD,1,0.9416431270956912,1.0,0.03314807915892659
99,1,CAD,1,0.5911055428026714,0.0,0.4001673333270201
100,1,CAD,1,0.9986574360422723,1.0,0.01609255887890748
101,1,CAD,1,0.9780730740578517,1.0,0.03776100538585769
102,1,CAD,0,0.14158829988202076,0.0,0.22384724352386687
103,1,CAD,1,0.9696597116901703,1.0,0.10036394881232402
104,1,CAD,1,0.7747745448905601,1.0,0.24327460137975665
105,1,CAD,1,0.9192513787731523,1.0,0.12772874437044213
106,1,CAD,1,0.9163291083985072,1.0,0.22879630101906123
107,1,CAD,1,0.21585989063664604,0.0,0.34205254852846234
108,1,CAD,0,0.25255047819833437,0.0,0.24409119229451287
109,1,CAD,1,0.9787982773891398,1.0,0.04290834438844915
110,1,CAD,1,0.31832260211372604,0.0,0.20873037679718476
111,1,CAD,1,0.9422956425176195,1.0,0.07349797232747823
112,1,CAD,1,0.8521830843517334,1.0,0.2613620029273338
113,1,CAD,0,0.2076149888842375,0.0,0.2229921544129061
114,1,CAD,1,0.9975135537628604,1.0,0.008159619147817598
115,1,CAD,1,0.9748192759048431,1.0,0.03854295956804921
116,1,CAD,1,0.9115631829962516,1.0,0.08351423803084967
117,1,CAD,1,0.9256485973855358,1.0,0.04918416092290456
118,1,CAD,1,0.9976181260002965,1.0,0.017164484749882192
119,1,CAD,1,0.9153623115141327,1.0,0.09253813754783935
120,1,CAD,1,0.9675681796177439,1.0,0.04907554263984171
121,1,CAD,1,0.9471811903769315,1.0,0.13815774352531585
122,1,CAD,1,0.870456859996211,1.0,0.14312880818158047
123,1,CAD,1,0.7650618979195404,0.0,0.40205160418735536
124,1,CAD,1,0.8453547062924986,1.0,0.25024877024861314
125,1,CAD,1,0.8940716459397716,1.0,0.12061679927839253
126,1,CAD,1,0.9362509215942089,1.0,0.1202909721932276
127,1,CAD,1,0.9622163195500849,1.0,0.08097662230296632
128,1,CAD,1,0.9064083562673039,1.0,0.15876929171533838
129,1,CAD,0,0.13112972010154675,0.0,0.15293728835145634
130,1,CAD,0,0.29768008432690846,0.0,0.37713682540990734
131,1,CAD,1,0.9811513063456293,1.0,0.024405538270133365
132,1,CAD,1,0.9241773483079833,1.0,0.08830145554562552
133,1,CAD,0,0.5897265768232998,0.0,0.22418585188689422
134,1,CAD,1,0.9119755965392357,1.0,0.07969292718118548
135,1,CAD,1,0.9645284608258248,1.0,0.08113112762506414
136,1,CAD,0,0.28446481824425524,0.0,0.17650655337724358
137,1,CAD,0,0.3570549282179411,0.0,0.3182142446296159
138,1,CAD,1,0.9096772514925465,1.0,0.10543336421805571
139,1,CAD,1,0.9728860819662275,1.0,0.03090322769095244
140,1,CAD,1,0.6007075084437833,0.0,0.25728150020972385
141,1,CAD,1,0.9944339812134633,1.0,0.011272458528260199
142,1,CAD,1,0.2199303658722774,0.0,0.20260887442945827
143,1,CAD,0,0.019866845260478886,0.0,0.05670970645134209
144,1,CAD,1,0.9861020712894635,1.0,0.026548915925522
145,1,CAD,1,0.8659712893285475,1.0,0.22368386930888773
146,1,CAD,1,0.9909109440282561,1.0,0.014061008939845188
147,1,CAD,1,0.9875755103362157,1.0,0.17297512232987677
148,1,CAD,1,0.9168337208380714,1.0,0.0931924481385028
149,1,CAD,1,0.9872969797922111,1.0,0.02223716432079581
150,1,CAD,0,0.4153723092176653,0.0,0.27886475092117824
151,1,CAD,0,0.5564000757142779,0.0,0.23619523111110752
152,1,CAD,1,0.7578762995196859,1.0,0.3617764529741525
153,1,CAD,0,0.5407876673672048,0.0,0.3012901103845454
154,1,CAD,1,0.9256562568929251,1.0,0.20584224024367903
155,1,CAD,1,0.9477415674536114,1.0,0.12750722806669912
156,1,CAD,1,0.9434947310466938,1.0,0.0639899681497127
157,1,CAD,1,0.34111735171877045,0.0,0.3158101882287794
158,1,CAD,1,0.40381027156399973,0.0,0.29989624990563923
159,1,CAD,1,0.9908603508989181,1.0,0.014482721432854007
160,1,CAD,1,0.8191851254834451,1.0,0.2345973330191039
161,1,CAD,1,0.9794744918621535,1.0,0.029073119381675006
162,1,CAD,1,0.9410416507959942,1.0,0.07416290196109332
163,1,CAD,1,0.9634158986209836,1.0,0.0889212385135757
164,1,CAD,1,0.9919247582149934,1.0,0.026051799937235054
165,1,CAD,1,0.7736644061215238,1.0,0.23809386432179647
166,1,CAD,0,0.0529862101737604,0.0,0.26468097625949016
167,1,CAD,1,0.8762786615480658,1.0,0.14999900901626917
168,1,CAD,0,0.33305513854280183,0.0,0.3184746456224356
169,1,CAD,0,0.16590783047249322,0.0,0.09741325405217381
170,1,CAD,0,0.19171216411814693,0.0,0.19720259621606273
171,1,CAD,1,0.9891386900120458,1.0,0.02477949805705959
172,1,CAD,1,0.8640747924369375,1.0,0.22190758132383026
173,1,CAD,1,0.9981833899099692,1.0,0.04323692843537652
174,1,CAD,1,0.9986322803471843,1.0,0.007644464493148373
175,1,CAD,0,0.770247469489771,1.0,0.14486294848594672
176,1,CAD,1,0.38268237005096384,0.0,0.20881755897916954
177,1,CAD,1,0.9652481089070978,1.0,0.04458672989992518
178,1,CAD,1,0.6672519851178574,0.0,0.295414598161284
179,1,CAD,0,0.3203130552251537,0.0,0.3069289458061735
180,1,CAD,1,0.33089194594984117,0.0,0.281106921550502
181,1,CAD,1,0.9819470681592891,1.0,0.06615701350995673
182,1,CAD,1,0.884106967498798,1.0,0.1146697299374827
183,1,CAD,0,0.7378607344612723,1.0,0.22461770240692447
184,1,CAD,1,0.683187195906429,1.0,0.26505637582421426
185,1,CAD,0,0.7551277441718605,1.0,0.22551450056037192
186,1,CAD,0,0.8836344755287465,1.0,0.25050878705273205
187,1,CAD,1,0.9417907129161822,1.0,0.07766300169867857
188,1,CAD,1,0.7365064495687689,1.0,0.20438042023490655
189,1,CAD,1,0.8104112226263617,1.0,0.2500474282374707
190,1,CAD,0,0.7592281332091004,1.0,0.2089586309053144
191,1,CAD,1,0.9561902888640219,1.0,0.04980403694100022
192,1,CAD,0,0.08301708550563679,0.0,0.1504255496714869
193,1,CAD,0,0.6558574074350837,0.0,0.4010860275609154
194,1,CAD,0,0.06636866470171987,0.0,0.10167271153972719
195,1,CAD,1,0.9764675143711443,1.0,0.0605129201241954
196,1,CAD,0,0.1293474296328979,0.0,0.21842175682349302
197,1,CAD,1,0.9955420159867415,1.0,0.0240894595191411
198,1,CAD,1,0.8999221104550732,1.0,0.15852625088127836
199,1,CAD,0,0.3174336252085987,0.0,0.46389323123573234
200,1,CAD,1,0.7102429047343289,1.0,0.22081647833999885
201,1,CAD,0,0.8348972385706098,1.0,0.25917861547928867
202,1,CAD,1,0.9820098101222235,1.0,0.03464747101656018
203,1,CAD,0,0.2241933164820419,0.0,0.20452542273893975
204,1,CAD,0,0.4513673892430015,0.0,0.22770619513001056
205,1,CAD,1,0.6623829877111276,0.0,0.15763348367689844
206,1,CAD,1,0.8942736540396835,1.0,0.3143047912621848
207,1,CAD,1,0.8889755909528972,1.0,0.08244795972325214
208,1,CAD,1,0.6357629189558014,0.0,0.2994916407007797
209,1,CAD,1,0.9568275777972471,1.0,0.0386343161107624
210,1,CAD,0,0.06955624819021296,0.0,0.10166864776415768
211,1,CAD,1,0.9425452017469306,1.0,0.05987504677165301
212,1,CAD,0,0.055479095677420404,0.0,0.26668099221713015
213,1,CAD,0,0.9413050520648074,1.0,0.052534779996860514
214,1,CAD,0,0.8528852571639529,1.0,0.1388016722712484
215,1,CAD,1,0.975060800331843,1.0,0.051891927524222115
216,1,CAD,0,0.6053301349663199,0.0,0.2910571426121563
217,1,CAD,0,0.49941450379708074,0.0,0.4121680275123245
218,1,CAD,0,0.6218979751965791,0.0,0.17271540031202093
219,1,CAD,1,0.07182891743889792,0.0,0.13460978132524928
220,1,CAD,1,0.9647911678650427,1.0,0.06525923284564972
221,1,CAD,1,0.6399822774752005,0.0,0.2720965078813199
222,1,CAD,1,0.9487107355627721,1.0,0.04533631958237194
223,1,CAD,1,0.8615838568439429,1.0,0.12514240899305007
224,1,CAD,1,0.9571096611647163,1.0,0.028646934000708613
225,1,CAD,1,0.8748199372523217,1.0,0.26115860600484997
226,1,CAD,1,0.956014211359812,1.0,0.06580720825091924
227,1,CAD,1,0.8329632903728895,1.0,0.1844597068583791
228,1,CAD,1,0.9057094756525391,1.0,0.19287762286401233
229,1,CAD,1,0.915699582532597,1.0,0.20010783609476634
230,1,CAD,1,0.9949938882125634,1.0,0.01468477165342974
231,1,CAD,1,0.9958915179462299,1.0,0.007485587965621265
232,1,CAD,1,0.8675422439287898,1.0,0.18502100491897944
233,1,CAD,0,0.5374808727899493,0.0,0.4563006445332973
234,1,CAD,0,0.5238513370654744,0.0,0.17321948961366385
235,1,CAD,1,0.9441597249847589,1.0,0.07603406176864524
236,1,CAD,1,0.7762186107226619,1.0,0.23854915919377429
237,1,CAD,1,0.5348428070168364,0.0,0.21854365999872977
238,1,CAD,1,0.19557983937576007,0.0,0.13758733759315564
239,1,CAD,1,0.9826625125639709,1.0,0.014483411248057187
240,1,CAD,1,0.9939662657616531,1.0,0.006830639782130832
241,1,CAD,1,0.7919999193512122,1.0,0.21643004685280087
242,1,CAD,1,0.8430440142199801,1.0,0.186142809687728
243,1,CAD,1,0.8146952818635015,1.0,0.19681279545506658
244,1,CAD,1,0.855486113886014,1.0,0.09551571965630745
245,1,CAD,1,0.3399460182094051,0.0,0.27780957469021794
246,1,CAD,1,0.9974543938750404,1.0,0.01816195253266728
247,1,CAD,0,0.20227085810528056,0.0,0.20734199203633397
248,1,CAD,1,0.9934944654944425,1.0,0.012285439050173097
249,1,CAD,1,0.8701403025807894,1.0,0.2305961955250685
250,1,CAD,1,0.946712268491197,1.0,0.08569777246643684
251,1,CAD,1,0.4879415121141191,0.0,0.4700550252406088
252,1,CAD,1,0.5032226484064436,0.0,0.23626679696388836
253,1,CAD,1,0.6378921929140727,0.0,0.2188335317928134
254,1,CAD,0,0.5811252788648275,0.0,0.4126058944998353
255,1,CAD,0,0.1385286484086374,0.0,0.14688559634085793
256,1,CAD,0,0.5398400989858579,0.0,0.28038022777276006
257,1,CAD,0,0.40708930244861885,0.0,0.3224396060355772
258,1,CAD,0,0.06841892944222407,0.0,0.13756304534748323
259,1,CAD,1,0.8169504653338159,1.0,0.3196777660434328
260,1,CAD,1,0.9947977849196028,1.0,0.022108514497026555
261,1,CAD,0,0.17435249621724627,0.0,0.1733379846206522
262,1,CAD,1,0.45051843056840396,0.0,0.12987901655146528
263,1,CAD,0,0.10416882501592,0.0,0.24959106077143825
264,1,CAD,0,0.25702173648797416,0.0,0.271749418904494
265,1,CAD,1,0.7893936769129408,1.0,0.15199075377743487
266,1,CAD,1,0.9722662665248399,1.0,0.08825945792927992
267,1,CAD,1,0.791155078557641,1.0,0.111444712200362
268,1,CAD,0,0.24645437105227472,0.0,0.32751240584172625
269,1,CAD,1,0.9301001056451398,1.0,0.13688950867053107
270,1,CAD,0,0.12775097195678373,0.0,0.27595078698170505
271,1,CAD,1,0.9689407739044977,1.0,0.04356488229027311
272,1,CAD,0,0.659411720919641,0.0,0.2235448705911498
273,1,CAD,1,0.9936963202633132,1.0,0.03651732718034828
274,1,CAD,1,0.9991112465177946,1.0,0.003442412187779964
275,1,CAD,1,0.8864087068998755,1.0,0.09966403500105114
276,1,CAD,0,0.48207025004137516,0.0,0.183849036279021
277,1,CAD,1,0.9949595061263654,1.0,0.012489396473449155
278,1,CAD,1,0.937709662829708,1.0,0.09081359104348874
279,1,CAD,1,0.9533912769844699,1.0,0.10488037728686295
280,1,CAD,0,0.8121922125159632,1.0,0.19532046885715815
281,1,CAD,1,0.9337262000577802,1.0,0.08778115155390975
282,1,CAD,1,0.8654894422254276,1.0,0.18985663364009397
283,1,CAD,1,0.8346811634993734,1.0,0.24234553074013188
284,1,CAD,0,0.7848229227056408,1.0,0.1155675910756212
285,1,CAD,0,0.35055626190533434,0.0,0.3552787656269299
286,1,CAD,0,0.4426239417727463,0.0,0.4806247594460066
287,1,CAD,0,0.30334582006819805,0.0,0.41467202136497894
288,1,CAD,1,0.5599811878284898,0.0,0.22231266957608126
289,1,CAD,0,0.19994192620314719,0.0,0.31665772275892196
290,1,CAD,0,0.40920005129276177,0.0,0.25298903146346857
291,1,CAD,0,0.734118392323046,1.0,0.21600361839132243
292,1,CAD,0,0.7826231494330775,1.0,0.18565732706060512
293,1,CAD,0,0.6036399146434571,0.0,0.26620890063381636
294,1,CAD,1,0.808473256521343,1.0,0.2523158583381808
295,1,CAD,0,0.5473882538845735,0.0,0.41693238324647597
296,1,CAD,0,0.1521176677614686,0.0,0.18292372834464252
297,1,CAD,0,0.15362733264178238,0.0,0.18206621249991062
298,1,CAD,1,0.7996374148293106,1.0,0.20160160239601932
299,1,CAD,0,0.07309420101888035,0.0,0.1819498847423414
300,1,CAD,0,0.21315647971320772,0.0,0.22178137217948363
301,1,CAD,0,0.10032960885237434,0.0,0.06385884294484084
302,1,CAD,1,0.7508197811403887,1.0,0.22718492587290606
0,0,LAD,1,0.506379860956031,0.0,0.06861190663001515
1,0,LAD,1,0.7934841361015478,1.0,0.22621377953960264
2,0,LAD,1,0.7902500967802593,1.0,0.08446181309220546
3,0,LAD,0,0.6624101496103597,1.0,0.3893473886851463
4,0,LAD,0,0.2588014600744135,0.0,0.2277562879223677
5,0,LAD,1,0.5735919598999847,1.0,0.1707407238714752
6,0,LAD,1,0.7977005873695315,1.0,0.11316981659196068
7,0,LAD,1,0.8436615417879998,1.0,0.10748896675396646
8,0,LAD,0,0.1501293213767123,0.0,0.15191746794846275
9,0,LAD,0,0.7622643563437101,1.0,0.11482045748996383
10,0,LAD,1,0.7117378381652475,1.0,0.11672820209314261
11,0,LAD,1,0.9328701161543793,1.0,0.0781360871678628
12,0,LAD,1,0.9263462891506143,1.0,0.11189346827887214
13,0,LAD,1,0.7814500746134412,1.0,0.14596356790463094
14,0,LAD,1,0.43855632694813734,0.0,0.15380860665547347
15,0,LAD,1,0.7369407792153516,1.0,0.21306041648088692
16,0,LAD,0,0.13070776408900267,0.0,0.25760824218588174
17,0,LAD,0,0.261750247041706,0.0,0.277665121092585
18,0,LAD,1,0.6986925078249479,1.0,0.22409641400230307
19,0,LAD,0,0.6356293949132189,1.0,0.2832570643408743
20,0,LAD,0,0.12907005869263108,0.0,0.096027018639383
21,0,LAD,1,0.6766999657152181,1.0,0.22132033436884313
22,0,LAD,1,0.8846697184522893,1.0,0.07989273557448673
23,0,LAD,1,0.7822376666855588,1.0,0.0858877199048329
24,0,LAD,1,0.7388091086540949,1.0,0.09228393336044949
25,0,LAD,1,0.818453947442334,1.0,0.10453251752999859
26,0,LAD,0,0.413055044213963,0.0,0.161032999904211
27,0,LAD,0,0.44614119115941914,0.0,0.2746239624688205
28,0,LAD,1,0.7654987419207637,1.0,0.15170624958805923
29,0,LAD,0,0.8342645141114211,1.0,0.13786107581080675
30,0,LAD,1,0.6336983320299312,1.0,0.177840784084063
31,0,LAD,0,0.6713411603491958,1.0,0.1879974885627299
32,0,LAD,1,0.7486936271454443,1.0,0.15364840663918733
33,0,LAD,1,0.6899784181133638,1.0,0.11595364825874832
34,0,LAD,1,0.9053383055250822,1.0,0.11213863677663516
35,0,LAD,0,0.12954583664144959,0.0,0.11896683197754629
36,0,LAD,1,0.7005620740612485,1.0,0.3137796642079155
37,0,LAD,1,0.7886155615499718,1.0,0.1578735061933677
38,0,LAD,1,0.7308811343206412,1.0,0.1927333109163879
39,0,LAD,1,0.8762305482143842,1.0,0.061865245094079424
40,0,LAD,1,0.8789005296364303,1.0,0.0938247113490589
41,0,LAD,0,0.09711485140133545,0.0,0.16640649974612315
42,0,LAD,0,0.28984326217985057,0.0,0.2545814631356105
43,0,LAD,1,0.45911799501169853,0.0,0.2989870380521041
44,0,LAD,0,0.6417021687357931,1.0,0.09147489228114125
45,0,LAD,1,0.7964759092834893,1.0,0.107269604997009
46,0,LAD,1,0.46922335746301247,0.0,0.16664988273367354
47,0,LAD,1,0.823047879634453,1.0,0.10498908289314024
48,0,LAD,0,0.15037696514453633,0.0,0.26744601381434835
49,0,LAD,0,0.48959899226043857,0.0,0.18697546993055086
50,0,LAD,0,0.5318176586102874,0.0,0.2666565266560999
51,0,LAD,1,0.6297588257922793,1.0,0.10365616361274232
52,0,LAD,1,0.8476821044860093,1.0,0.1122592584414086
53,0,LAD,0,0.5734446315346946,0.0,0.23979521910313623
54,0,LAD,0,0.11689355115083142,0.0,0.16022229651628644
55,0,LAD,1,0.8904790726117304,1.0,0.11082786649255283
56,0,LAD,1,0.7810181075550713,1.0,0.12011984055311631
57,0,LAD,1,0.8768350880317738,1.0,0.08656071856517777
58,0,LAD,1,0.14557960610540047,0.0,0.15142457277862365
59,0,LAD,1,0.812248977128943,1.0,0.10629639086783715
60,0,LAD,0,0.22493924616215205,0.0,0.2751542326297916
61,0,LAD,1,0.45128049126249553,0.0,0.2731468597255588
62,0,LAD,1,0.2663033906360927,0.0,0.31431056331995316
63,0,LAD,1,0.6899765845898946,1.0,0.1256290046375923
64,0,LAD,0,0.11423845703057263,0.0,0.3062290751819778
65,0,LAD,0,0.6243904951383218,1.0,0.09842357859312734
66,0,LAD,1,0.7477527806003552,1.0,0.23944533995051898
67,0,LAD,0,0.5217716608563475,0.0,0.2664085506637073
68,0,LAD,0,0.24723501685086816,0.0,0.09964861487893309
69,0,LAD,1,0.6683095379354972,1.0,0.25078201167577896
70,0,LAD,0,0.1921368318454075,0.0,0.126014439188571
71,0,LAD,1,0.8237156209744694,1.0,0.09611539546274872
72,0,LAD,1,0.7404636003020737,1.0,0.16179958977634823
73,0,LAD,0,0.6380880757467288,1.0,0.1952003296376097
74,0,LAD,1,0.9111701413123927,1.0,0.057181945143236934
75,0,LAD,1,0.39612729287880105,0.0,0.2381236976156076
76,0,LAD,1,0.8128799440727105,1.0,0.12229742168659619
77,0,LAD,0,0.637773437069087,1.0,0.18624565668315518
78,0,LAD,1,0.6810751717595519,1.0,0.1326239313780867
79,0,LAD,0,0.25953542453663636,0.0,0.2110379872238839
80,0,LAD,1,0.8698054520436159,1.0,0.14726495529422357
81,0,LAD,1,0.8678515426016488,1.0,0.08119774368843768
82,0,LAD,1,0.6122178288710499,1.0,0.42608923735592763
83,0,LAD,1,0.7342416856225565,1.0,0.11107840691604953
84,0,LAD,0,0.8401990616195484,1.0,0.09305010251770485
85,0,LAD,0,0.3276264167404992,0.0,0.1956066703825186
86,0,LAD,1,0.7148438067188209,1.0,0.22832057398441796
87,0,LAD,1,0.7463455926507766,1.0,0.17251310001393305
88,0,LAD,0,0.8570669844286375,1.0,0.18230910058692396
89,0,LAD,1,0.8014185239714471,1.0,0.17189209465913724
90,0,LAD,0,0.587646687736,0.0,0.19787305824035406
91,0,LAD,0,0.3922627737888145,0.0,0.37570273438851615
92,0,LAD,1,0.8644698569991021,1.0,0.10909581177807637
93,0,LAD,1,0.7258558653756645,1.0,0.14864199542300538
94,0,LAD,1,0.7761141123838512,1.0,0.17684076482349842
95,0,LAD,1,0.7704584781301669,1.0,0.09104394029923624
96,0,LAD,1,0.8006201881518274,1.0,0.09084272067133137
97,0,LAD,1,0.794514955792555,1.0,0.10093977744417326
98,0,LAD,1,0.7878826149019703,1.0,0.07801123925759446
99,0,LAD,1,0.3990609003941772,0.0,0.31523584294665163
100,0,LAD,1,0.956719098530433,1.0,0.09443010182345946
101,0,LAD,1,0.8456547652614921,1.0,0.08742345940297291
102,0,LAD,0,0.07009253585147493,0.0,0.1079275579524755
103,0,LAD,1,0.7723315658951624,1.0,0.1934300639134271
104,0,LAD,0,0.5765756726908176,0.0,0.1300892581486064
105,0,LAD,1,0.8279926764588131,1.0,0.19148418311782345
106,0,LAD,1,0.7585469817188345,1.0,0.13258213618523984
107,0,LAD,1,0.6680056556877403,1.0,0.19098001906934092
108,0,LAD,0,0.19866839704507117,0.0,0.27098910206378934
109,0,LAD,0,0.7580122606784769,1.0,0.3093544209979535
110,0,LAD,0,0.1991112016044013,0.0,0.2834528562665998
111,0,LAD,1,0.5967731521507111,0.0,0.2535545192582125
112,0,LAD,0,0.6534469900311991,1.0,0.17129449170602784
113,0,LAD,0,0.10610108283729028,0.0,0.09442128788154888
114,0,LAD,1,0.9423923549843384,1.0,0.08463090861141964
115,0,LAD,0,0.6652801885591726,1.0,0.14350445756606278
116,0,LAD,1,0.8354049646372677,1.0,0.07182819618172975
117,0,LAD,1,0.7663298192660535,1.0,0.0967118073871569
118,0,LAD,1,0.7225166466301832,1.0,0.20603419182656058
119,0,LAD,1,0.7566269389501526,1.0,0.10571110055925492
120,0,LAD,1,0.6171885203582865,0.0,0.1767786604687528
121,0,LAD,0,0.7204257696001305,1.0,0.17414214020590746
122,0,LAD,0,0.6649175378969773,1.0,0.2545375834697604
123,0,LAD,1,0.44631961458940406,0.0,0.20985464423520833
124,0,LAD,1,0.5277223137700767,0.0,0.17991264860647005
125,0,LAD,1,0.7067717806953792,1.0,0.10639060170861458
126,0,LAD,1,0.825423232508363,1.0,0.1057305785901469
127,0,LAD,1,0.8123260963330339,1.0,0.04521613315547679
128,0,LAD,1,0.5380967779426635,0.0,0.2024782425937457
129,0,LAD,0,0.38147983421739684,0.0,0.28200974476605517
130,0,LAD,0,0.18404454125838568,0.0,0.11253208994395153
131,0,LAD,1,0.8101548312385272,1.0,0.13803867270085468
132,0,LAD,1,0.8086447612767127,1.0,0.11424883133240571
133,0,LAD,0,0.3360963351395385,0.0,0.16318835189656483
134,0,LAD,1,0.6966993080695643,1.0,0.2630105208220307
135,0,LAD,1,0.6399519555518898,1.0,0.29274150970458895
136,0,LAD,0,0.21871407986998984,0.0,0.19601417983158323
137,0,LAD,0,0.16975581484604715,0.0,0.2303408087963368
138,0,LAD,1,0.8624261832474268,1.0,0.14010008007891983
139,0,LAD,1,0.8914683330977682,1.0,0.06072937522578259
140,0,LAD,1,0.6582015751150004,1.0,0.27387333286102333
141,0,LAD,1,0.6874783270085336,1.0,0.216607496852271
142,0,LAD,1,0.19987237055185195,0.0,0.29871235735046414
143,0,LAD,0,0.016612038028931738,0.0,0.05622270498845415
144,0,LAD,1,0.8308477838585278,1.0,0.07917433733950108
145,0,LAD,0,0.7921844022267152,1.0,0.16654892645094166
146,0,LAD,1,0.8979580796716241,1.0,0.10561893299370706
147,0,LAD,1,0.73897157743855,1.0,0.3013012219008321
148,0,LAD,1,0.6417487530003286,1.0,0.20261091870918502
149,0,LAD,1,0.8592537174055276,1.0,0.144931289001332
150,0,LAD,0,0.44652972770784055,0.0,0.21392603161135354
151,0,LAD,0,0.3779668314421979,0.0,0.2597115624949634
152,0,LAD,1,0.5479823660055608,0.0,0.3194737934425056
153,0,LAD,0,0.4372958384966445,0.0,0.24949471835172682
154,0,LAD,0,0.7443047034671488,1.0,0.15338730274583467
155,0,LAD,1,0.8662128321634639,1.0,0.07451454634552457
156,0,LAD,1,0.6981454903600804,1.0,0.13809564679260056
157,0,LAD,1,0.4963282822527735,0.0,0.21205228170572032
158,0,LAD,0,0.2831758657580111,0.0,0.4188666270039427
159,0,LAD,1,0.8936711862785649,1.0,0.06822759629956288
160,0,LAD,0,0.593729083499684,1.0,0.2517153006173086
161,0,LAD,1,0.8356658225603949,1.0,0.0921914890779687
162,0,LAD,1,0.7864389490434344,1.0,0.15288325227183108
163,0,LAD,1,0.8012535419224059,1.0,0.20075388857750864
164,0,LAD,1,0.8692307729138241,1.0,0.08450648331708477
165,0,LAD,1,0.5553950974004638,0.0,0.1108974053358498
166,0,LAD,0,0.1231081565231621,0.0,0.19652306823845112
167,0,LAD,1,0.5725758523177034,0.0,0.2616082647260346
168,0,LAD,0,0.2337421525808964,0.0,0.35085455175911795
169,0,LAD,0,0.13844929532879793,0.0,0.20132129490192174
170,0,LAD,0,0.1666591717577784,0.0,0.2798524423333995
171,0,LAD,1,0.7420055155990549,1.0,0.13263886921653334
172,0,LAD,1,0.5758490759308584,0.0,0.21413623126362807
173,0,LAD,1,0.7673368684307547,1.0,0.1873275840828431
174,0,LAD,1,0.8540705953218093,1.0,0.10673568145042178
175,0,LAD,0,0.6580391878567011,1.0,0.21495883848224384
176,0,LAD,1,0.22219854068238054,0.0,0.1394425829855226
177,0,LAD,1,0.7837574203254863,1.0,0.12135687870213663
178,0,LAD,1,0.7010865376998746,1.0,0.12991677443538696
179,0,LAD,0,0.20802916859042206,0.0,0.37959299425699117
180,0,LAD,1,0.23639244517064287,0.0,0.15277254913926944
181,0,LAD,1,0.82422524280329,1.0,0.14236786591352324
182,0,LAD,1,0.6094736076384011,0.0,0.22368619424888325
183,0,LAD,0,0.5689024357507269,1.0,0.136979940419319
184,0,LAD,1,0.7124210179342488,1.0,0.2178130520814034
185,0,LAD,0,0.6118975625820136,1.0,0.2368026313466175
186,0,LAD,0,0.7040231194521062,1.0,0.16271942224251024
187,0,LAD,1,0.8013120806234404,1.0,0.13998803342382315
188,0,LAD,1,0.47019748970537206,0.0,0.19890646351952906
189,0,LAD,1,0.5669553889437533,1.0,0.41070689625920964
190,0,LAD,0,0.6917199381595504,1.0,0.15966882571429042
191,0,LAD,1,0.758397671197455,1.0,0.08850845861535006
192,0,LAD,0,0.08375084163611318,0.0,0.1550474304538511
193,0,LAD,0,0.5808623467353787,1.0,0.37701187005965187
194,0,LAD,0,0.1829326641583398,0.0,0.21147170123276865
195,0,LAD,0,0.7169472034931013,1.0,0.3412070115109757
196,0,LAD,0,0.09837341015601334,0.0,0.09549392453112565
197,0,LAD,1,0.8229162816662706,1.0,0.12283337762905289
198,0,LAD,1,0.8238884994771536,1.0,0.11846736204295971
199,0,LAD,0,0.21246250437276618,0.0,0.118590473508009
200,0,LAD,1,0.7579154058583695,1.0,0.1514696522935195
201,0,LAD,0,0.7403310467222666,1.0,0.22914399182045975
202,0,LAD,1,0.782126631317244,1.0,0.14503124708999193
203,0,LAD,0,0.2031072627537501,0.0,0.16717933828109277
204,0,LAD,0,0.3051463134883508,0.0,0.32224700945385837
205,0,LAD,0,0.5358498805269066,0.0,0.1622919844164541
206,0,LAD,1,0.7163631464451401,1.0,0.2189620801220048
207,0,LAD,1,0.7160377499766842,1.0,0.11708756232846007
208,0,LAD,1,0.661935338450987,1.0,0.2284546378129273
209,0,LAD,1,0.7599237945130332,1.0,0.1388122702439526
210,0,LAD,0,0.2183514785277918,0.0,0.18713219641644932
211,0,LAD,1,0.7524591405733763,1.0,0.10516502092947355
212,0,LAD,0,0.03778049347769992,0.0,0.04482448719831658
213,0,LAD,0,0.6951285113448844,1.0,0.1766150198053058
214,0,LAD,0,0.8101766243266288,1.0,0.14108395830201037
215,0,LAD,1,0.6915291737748216,1.0,0.11748251846074365
216,0,LAD,0,0.46857002153870186,0.0,0.26388367692152626
217,0,LAD,0,0.3354255523442814,0.0,0.29081494638451877
218,0,LAD,0,0.4640507216546026,0.0,0.10707591807971473
219,0,LAD,1,0.1211879336482186,0.0,0.23600571030747072
220,0,LAD,1,0.7370084603018546,1.0,0.25780603686245607
221,0,LAD,1,0.3712548363232622,0.0,0.3836660016792641
222,0,LAD,1,0.8100905843530333,1.0,0.07361574285463113
223,0,LAD,1,0.5797752985881144,0.0,0.18956691992310326
224,0,LAD,1,0.7769601256581175,1.0,0.12246961088775621
225,0,LAD,0,0.6815594326308568,1.0,0.15855293819335226
226,0,LAD,1,0.7980612860461953,1.0,0.14873217733972488
227,0,LAD,1,0.7561150265903152,1.0,0.05993522515016736
228,0,LAD,1,0.5775359621695182,0.0,0.23918728931254252
229,0,LAD,1,0.6224487492906349,0.0,0.15131514033080473
230,0,LAD,1,0.8763626542321132,1.0,0.12564350435985705
231,0,LAD,0,0.8524465212986331,1.0,0.05235523645766005
232,0,LAD,1,0.7240481954263112,1.0,0.17075731019721152
233,0,LAD,0,0.3472754197364376,0.0,0.25750906718588307
234,0,LAD,0,0.10379592734833092,0.0,0.23400733231732218
235,0,LAD,1,0.7726854451407927,1.0,0.12679333290265926
236,0,LAD,1,0.6722561026660029,1.0,0.20142508706329942
237,0,LAD,1,0.36635435896705026,0.0,0.23578535051969374
238,0,LAD,1,0.19387808264306813,0.0,0.19461869930060527
239,0,LAD,1,0.8235378503305474,1.0,0.06878680274686833
240,0,LAD,1,0.8973310391784122,1.0,0.13614739742981063
241,0,LAD,1,0.5696955104537827,0.0,0.13399300773728817
242,0,LAD,1,0.7563072365571735,1.0,0.12358076197329915
243,0,LAD,0,0.701042197938858,1.0,0.12939631031885612
244,0,LAD,1,0.5093002843889447,0.0,0.10041928954774593
245,0,LAD,1,0.21760860767794862,0.0,0.3697758616333963
246,0,LAD,1,0.8930149965466261,1.0,0.1565051807846487
247,0,LAD,0,0.1394048240189923,0.0,0.1264390082686239
248,0,LAD,1,0.8891117474492943,1.0,0.11910435604680847
249,0,LAD,1,0.8131641767755374,1.0,0.04498998722545133
250,0,LAD,1,0.7045644562656002,1.0,0.22107750862209496
251,0,LAD,1,0.350302493499252,0.0,0.2033382289107224
252,0,LAD,1,0.5469652643288823,0.0,0.17184633851689424
253,0,LAD,1,0.6474024553937502,1.0,0.13043572563019135
254,0,LAD,0,0.5588696321587032,1.0,0.3823146759892261
255,0,LAD,0,0.11235406528959545,0.0,0.09947442602440455
256,0,LAD,0,0.2647455557863186,0.0,0.19951769703713262
257,0,LAD,0,0.16769287963981164,0.0,0.2147426090695255
258,0,LAD,0,0.22489338612201346,0.0,0.220754487698471
259,0,LAD,1,0.4779581800470392,0.0,0.16085802667428728
260,0,LAD,1,0.8537240500770246,1.0,0.10464656358609026
261,0,LAD,0,0.02744186255229804,0.0,0.04126957136196832
262,0,LAD,1,0.5461971140063729,0.0,0.18232893343820722
263,0,LAD,0,0.04605781502307868,0.0,0.11919171506922674
264,0,LAD,0,0.17659018794378087,0.0,0.19567599559626153
265,0,LAD,0,0.6669253814748466,1.0,0.2238215674698073
266,0,LAD,0,0.8206933926372346,1.0,0.11062770238041586
267,0,LAD,1,0.5706438577611702,1.0,0.192863452186951
268,0,LAD,0,0.13367398238407974,0.0,0.10094109109493958
269,0,LAD,1,0.7386606845764954,1.0,0.09914513254063573
270,0,LAD,0,0.10767296690054731,0.0,0.14737028985188994
271,0,LAD,1,0.823199695111075,1.0,0.08972418766460033
272,0,LAD,0,0.6507034739913765,1.0,0.15438646893997654
273,0,LAD,1,0.835681128181531,1.0,0.15509905393552204
274,0,LAD,1,0.8353877048553298,1.0,0.09454754980019198
275,0,LAD,1,0.7079869120205352,1.0,0.23053228209385823
276,0,LAD,0,0.13338290382695073,0.0,0.09285262346928566
277,0,LAD,1,0.8904563859891536,1.0,0.08926312408609782
278,0,LAD,0,0.7548727656878625,1.0,0.12440387823885346
279,0,LAD,0,0.7777987337376968,1.0,0.14128707784438177
280,0,LAD,0,0.5081199021129303,0.0,0.31670222758797795
281,0,LAD,1,0.7086605910050837,1.0,0.13954010384188953
282,0,LAD,0,0.8551230241608835,1.0,0.07466464836056952
283,0,LAD,0,0.712760113916365,1.0,0.2935641057539158
284,0,LAD,0,0.620982922419044,1.0,0.3424017368669322
285,0,LAD,0,0.16108832714532448,0.0,0.26092308120285423
286,0,LAD,0,0.269832137944979,0.0,0.13729941303331863
287,0,LAD,0,0.46601953275880326,0.0,0.28900009567944074
288,0,LAD,0,0.4444750448074927,0.0,0.2368549053961756
289,0,LAD,0,0.21960856930076542,0.0,0.16091491036706623
290,0,LAD,0,0.0552072149450233,0.0,0.08178543712768477
291,0,LAD,0,0.5562601752711951,0.0,0.1926148663016909
292,0,LAD,0,0.45124961489245685,0.0,0.3102129420515537
293,0,LAD,0,0.4988676073597252,0.0,0.40145620630620815
294,0,LAD,1,0.7552716055479898,1.0,0.20309519318234537
295,0,LAD,0,0.49978232883058493,0.0,0.3973678216383576
296,0,LAD,0,0.18646316546314345,0.0,0.19576795212456938
297,0,LAD,0,0.18493855418645383,0.0,0.20044594858759224
298,0,LAD,1,0.690261003489744,1.0,0.19652499907316545
299,0,LAD,0,0.21952096632399518,0.0,0.17852136458567508
300,0,LAD,0,0.15801277870676061,0.0,0.11874278141638836
301,0,LAD,0,0.07251227570423323,0.0,0.13363889832439807
302,0,LAD,1,0.6416978495185862,1.0,0.157019857377395
0,1,LAD,1,0.4436048864657268,0.0,0.3042692883994281
1,1,LAD,1,0.7789641727822386,1.0,0.1670779402015683
2,1,LAD,1,0.8247176243622211,1.0,0.06903194130535861
3,1,LAD,0,0.17352631000061025,0.0,0.2984038988997144
4,1,LAD,0,0.18966593163719656,0.0,0.3169966264408456
5,1,LAD,1,0.6396329039260222,1.0,0.21119208637607745
6,1,LAD,1,0.7744926848540938,1.0,0.07617047920542885
7,1,LAD,1,0.7703845956143471,1.0,0.14274815118866757
8,1,LAD,0,0.01825653645650169,0.0,0.013119690971298744
9,1,LAD,0,0.7635866399633254,1.0,0.27846485858594106
10,1,LAD,1,0.5311383868431422,0.0,0.2094447677656553
11,1,LAD,1,0.951221096445419,1.0,0.0594941543917189
12,1,LAD,1,0.892245237432628,1.0,0.17887991892578936
13,1,LAD,1,0.7090541901732039,1.0,0.10200201639887962
14,1,LAD,1,0.4135158062796913,0.0,0.1800544755034117
15,1,LAD,1,0.724849934889939,1.0,0.2214270490456809
16,1,LAD,0,0.10747762562018195,0.0,0.3652261031022558
17,1,LAD,0,0.2822308190432952,0.0,0.2320390492757223
18,1,LAD,1,0.6494021203760029,1.0,0.21959422066285483
19,1,LAD,0,0.8378196991142319,1.0,0.09884046180082606
20,1,LAD,0,0.07869778511528573,0.0,0.09872085260132184
21,1,LAD,1,0.698469705367258,1.0,0.11148116323232948
22,1,LAD,1,0.8635802280442952,1.0,0.06368038007796162
23,1,LAD,1,0.7709926032216184,1.0,0.09079275393861841
24,1,LAD,1,0.5935653118657723,0.0,0.15255100243362774
25,1,LAD,1,0.7866215294467154,1.0,0.06032724675211998
26,1,LAD,0,0.16833401042012525,0.0,0.2661710725369097
27,1,LAD,0,0.23289973330261265,0.0,0.2965544162716857
28,1,LAD,1,0.8263610531325202,1.0,0.08825933867311209
29,1,LAD,0,0.811692887947528,1.0,0.16902344014924675
30,1,LAD,1,0.6398054734521378,1.0,0.11751876506173076
31,1,LAD,0,0.6874458399387113,1.0,0.23132215013637525
32,1,LAD,1,0.6373226971279639,1.0,0.1684772744681836
33,1,LAD,1,0.7134897568283091,1.0,0.1921603329328836
34,1,LAD,1,0.9272637031810324,1.0,0.17995556400673696
35,1,LAD,0,0.1886183643257873,0.0,0.36777784580302203
36,1,LAD,1,0.7612274346182273,1.0,0.15246153018791686
37,1,LAD,1,0.9073138664524291,1.0,0.1922496473917985
38,1,LAD,1,0.8501766102291559,1.0,0.12642030368567547
39,1,LAD,1,0.9020078242673437,1.0,0.09658788824853459
40,1,LAD,1,0.8883405204835327,1.0,0.1009994304165227
41,1,LAD,0,0.1096094815105068,0.0,0.12931385433339962
42,1,LAD,0,0.18101055273925093,0.0,0.2812215617581322
43,1,LAD,1,0.7040058365579354,1.0,0.2855068955778933
44,1,LAD,0,0.6938918083238219,1.0,0.2389974181032245
45,1,LAD,1,0.8682494066968075,1.0,0.05922677814012778
46,1,LAD,1,0.5282680986730643,0.0,0.17001328249916192
47,1,LAD,1,0.7938231117311934,1.0,0.1628695470969309
48,1,LAD,0,0.12025826865875297,0.0,0.2184414294848122
49,1,LAD,0,0.325761580897244,0.0,0.2343443186761635
50,1,LAD,0,0.601808851979443,0.0,0.30960737879433137
51,1,LAD,1,0.5778918852413473,1.0,0.17245682869571388
52,1,LAD,1,0.8297479476964436,1.0,0.10820214597651534
53,1,LAD,0,0.4112793095296426,0.0,0.27889460563871177
54,1,LAD,0,0.10330225646783517,0.0,0.19594795967963285
55,1,LAD,1,0.8182973170976805,1.0,0.03717945483161289
56,1,LAD,1,0.7926095302450082,1.0,0.12202002870894002
57,1,LAD,1,0.8772047437478906,1.0,0.09549264037184158
58,1,LAD,1,0.5648140997698571,1.0,0.15032458549694072
59,1,LAD,1,0.8977909256103838,1.0,0.05933565552857145
60,1,LAD,0,0.2239075921390331,0.0,0.24080179655660092
61,1,LAD,1,0.5739744981878961,0.0,0.36696630035577443
62,1,LAD,1,0.17497649164715692,0.0,0.184289591899041
63,1,LAD,1,0.632236804610003,1.0,0.1928166423104778
64,1,LAD,0,0.09274136961472608,0.0,0.19802323799970972
65,1,LAD,0,0.6778549152995293,1.0,0.15194244940073653
66,1,LAD,1,0.7630490278829835,1.0,0.12868887681951668
67,1,LAD,0,0.20430341261255552,0.0,0.2770011136792592
68,1,LAD,0,0.19465985958632945,0.0,0.2608850416907402
69,1,LAD,1,0.7663031120396062,1.0,0.09087552712601765
70,1,LAD,0,0.14115540389138403,0.0,0.2117546159787433
71,1,LAD,1,0.8211668340479178,1.0,0.08012507112851186
72,1,LAD,1,0.5272458054065715,0.0,0.25251059451887303
73,1,LAD,0,0.689011824974511,1.0,0.35307485891746937
74,1,LAD,1,0.8496768868560971,1.0,0.07304780092229513
75,1,LAD,1,0.20709537870943237,0.0,0.3309895341926691
76,1,LAD,1,0.6391572600856056,1.0,0.09250639739292654
77,1,LAD,0,0.729912835825372,1.0,0.20704998071143543
78,1,LAD,1,0.6812017988179616,1.0,0.1597280816786376
79,1,LAD,0,0.2858535822330375,0.0,0.12364610599521303
80,1,LAD,1,0.8449843921342712,1.0,0.14923138807573777
81,1,LAD,1,0.9303366374537514,1.0,0.08442536677946622
82,1,LAD,1,0.7469129881387165,1.0,0.19052582337424517
83,1,LAD,1,0.8779412976633079,1.0,0.2136364954227601
84,1,LAD,0,0.8501580023319472,1.0,0.13049957545800128
85,1,LAD,0,0.3782515265401442,0.0,0.2266452903390297
86,1,LAD,1,0.7214604254202058,1.0,0.1744492802819373
87,1,LAD,1,0.7847731807540668,1.0,0.12149542342488129
88,1,LAD,0,0.8744689424525608,1.0,0.1268207262210227
89,1,LAD,1,0.8401983011454727,1.0,0.07103943712535432
90,1,LAD,0,0.5799014435738824,1.0,0.13411643001133455
91,1,LAD,0,0.24893958819961182,0.0,0.27380771880500904
92,1,LAD,1,0.9070264873249986,1.0,0.09329927481163158
93,1,LAD,1,0.8018413120334347,1.0,0.0837497254013494
94,1,LAD,1,0.8134566092335621,1.0,0.10438405139525175
95,1,LAD,1,0.7399787755640002,1.0,0.0631950064180743
96,1,LAD,1,0.7806095766558274,1.0,0.10856079208293257
97,1,LAD,1,0.7823222186321205,1.0,0.08130304388762111
98,1,LAD,1,0.7334951723181176,1.0,0.06694139620027884
99,1,LAD,1,0.4826300057307706,0.0,0.3060053948355839
100,1,LAD,1,0.9242765770553713,1.0,0.15805368928009456
101,1,LAD,1,0.7805487994453012,1.0,0.10178591030660833
102,1,LAD,0,0.09280184127069793,0.0,0.16623259666140494
103,1,LAD,1,0.8300099362374792,1.0,0.10529235558032024
104,1,LAD,0,0.5834043610794905,0.0,0.24254898414207793
105,1,LAD,1,0.7836441326513581,1.0,0.19452221078723309
106,1,LAD,1,0.6320629185573553,1.0,0.2146103986998812
107,1,LAD,1,0.2051616023758282,0.0,0.31254821675646605
108,1,LAD,0,0.1821896727148698,0.0,0.16544176339482788
109,1,LAD,0,0.6526572647803972,1.0,0.141696173516634
110,1,LAD,0,0.21983461880481056,0.0,0.19599089125003372
111,1,LAD,1,0.6495195859812694,1.0,0.08458176068402268
112,1,LAD,0,0.7213834494731134,1.0,0.23997571145792929
113,1,LAD,0,0.13314851456880028,0.0,0.13717660247773578
114,1,LAD,1,0.9272309267283357,1.0,0.08399943235014817
115,1,LAD,0,0.6857237490899345,1.0,0.2108764288006164
116,1,LAD,1,0.8209571186262156,1.0,0.0860380128944419
117,1,LAD,1,0.6668754315230776,1.0,0.12698823268690207
118,1,LAD,1,0.7822257561082534,1.0,0.13585473272860338
119,1,LAD,1,0.7630890443700994,1.0,0.10299911169736653
120,1,LAD,1,0.8037786440057956,1.0,0.08300740595460587
121,1,LAD,0,0.8197738523468832,1.0,0.10603114921095269
122,1,LAD,0,0.6401444443188212,1.0,0.17296633212004564
123,1,LAD,1,0.6303005051502758,0.0,0.34588760379773886
124,1,LAD,1,0.6083691030385397,0.0,0.19502290464674243
125,1,LAD,1,0.6825013838858821,1.0,0.0847884709636414
126,1,LAD,1,0.8025880087466173,1.0,0.11325024553364604
127,1,LAD,1,0.7728675743235701,1.0,0.1716632263440825
128,1,LAD,1,0.8001793516320688,1.0,0.11943483688692458
129,1,LAD,0,0.11497946527474302,0.0,0.13184462820407478
130,1,LAD,0,0.21275472240630888,0.0,0.2552659966683052
131,1,LAD,1,0.8232821284114509,1.0,0.07091439459475868
132,1,LAD,1,0.7731818572668939,1.0,0.07558030169118246
133,1,LAD,0,0.4396479072764131,0.0,0.2951613861485099
134,1,LAD,1,0.7013048401852104,1.0,0.13580386064603678
135,1,LAD,1,0.6052392969769549,0.0,0.1240501438804279
136,1,LAD,0,0.23838847509054584,0.0,0.15206408191996557
137,1,LAD,0,0.20913594695861923,0.0,0.18017968495984873
138,1,LAD,1,0.7354946688966295,1.0,0.10864166468836689
139,1,LAD,1,0.8866121585967066,1.0,0.042161168537654725
140,1,LAD,1,0.5079874346142371,0.0,0.20147653072787097
141,1,LAD,1,0.7105136768501836,1.0,0.1874210077197379
142,1,LAD,1,0.1845436784450991,0.0,0.1911910546750956
143,1,LAD,0,0.013285188320302047,0.0,0.04423129966303653
144,1,LAD,1,0.935466713004059,1.0,0.09267416984888543
145,1,LAD,0,0.7693809132798871,1.0,0.19499103742771806
146,1,LAD,1,0.9225324098142959,1.0,0.055109905570444484
147,1,LAD,1,0.8172822907347195,1.0,0.30887490630158665
148,1,LAD,1,0.7246255392724201,1.0,0.08103006514533762
149,1,LAD,1,0.88025880553009,1.0,0.12179892531493641
150,1,LAD,0,0.3072321923176144,0.0,0.22800034760481533
151,1,LAD,0,0.4255402302152005,0.0,0.2106403213020851
152,1,LAD,1,0.5339365090755237,0.0,0.39145995176207693
153,1,LAD,0,0.4114749634066777,0.0,0.24859935846933995
154,1,LAD,0,0.7505516534036193,1.0,0.19046271367824819
155,1,LAD,1,0.8060873124766509,1.0,0.14989788842205987
156,1,LAD,1,0.795985359321969,1.0,0.07738619003830338
157,1,LAD,1,0.2800161805933592,0.0,0.2902480256733985
158,1,LAD,0,0.3312009306704588,0.0,0.24238211710887178
159,1,LAD,1,0.8714977756978161,1.0,0.11467649741783059
160,1,LAD,0,0.6988872648692562,1.0,0.2734196401164462
161,1,LAD,1,0.8446479656592321,1.0,0.0831350724562242
162,1,LAD,1,0.7796743534348333,1.0,0.10778505624633083
163,1,LAD,1,0.8387210039609978,1.0,0.08447912414098568
164,1,LAD,1,0.8652973167451447,1.0,0.06461472296317261
165,1,LAD,1,0.6567028717241812,1.0,0.1844838082166559
166,1,LAD,0,0.041550938826302,0.0,0.14792823461394822
167,1,LAD,1,0.5878657386542834,0.0,0.17228588069200224
168,1,LAD,0,0.29954895081087973,0.0,0.32885429858478654
169,1,LAD,0,0.1319767571047997,0.0,0.09314830140955596
170,1,LAD,0,0.14112543725659038,0.0,0.16386121948506868
171,1,LAD,1,0.8450778757399394,1.0,0.10484736389649763
172,1,LAD,1,0.6313666016676582,1.0,0.21807773244832585
173,1,LAD,1,0.8748645908658437,1.0,0.12179276951353202
174,1,LAD,1,0.9020294446998506,1.0,0.07071076105134888
175,1,LAD,0,0.529097391092475,0.0,0.16797979832597354
176,1,LAD,1,0.2496870085878322,0.0,0.14160576385059565
177,1,LAD,1,0.8530224036272607,1.0,0.1359119941152106
178,1,LAD,1,0.4866889380832113,0.0,0.20896762687868992
179,1,LAD,0,0.22043769942956512,0.0,0.22233603389715065
180,1,LAD,1,0.26298263461452465,0.0,0.22567130362911728
181,1,LAD,1,0.8931171848292959,1.0,0.15680207857609274
182,1,LAD,1,0.6928668716531128,1.0,0.17138611398297798
183,1,LAD,0,0.5147847608133594,0.0,0.17525322881473382
184,1,LAD,1,0.5881802276747956,0.0,0.22041000254831195
185,1,LAD,0,0.5656892756595576,0.0,0.17750690605855624
186,1,LAD,0,0.8273065377301599,1.0,0.23368601040956138
187,1,LAD,1,0.7457781216814382,1.0,0.08886795174608819
188,1,LAD,1,0.5471186289055254,1.0,0.17530526372692712
189,1,LAD,1,0.715369522925243,1.0,0.1902216771419466
190,1,LAD,0,0.6212302303666281,1.0,0.2192138494632374
191,1,LAD,1,0.7647984165958301,1.0,0.1182641315517462
192,1,LAD,0,0.0501248418436479,0.0,0.10077546424258195
193,1,LAD,0,0.48415841669672,0.0,0.30216426071650515
194,1,LAD,0,0.05245407715749838,0.0,0.08544296986139079
195,1,LAD,0,0.7299981614442879,1.0,0.16413071732701867
196,1,LAD,0,0.10513405527568945,0.0,0.18927195649306575
197,1,LAD,1,0.932085942726209,1.0,0.11383688270576198
198,1,LAD,1,0.7158139969994466,1.0,0.12712856089279267
199,1,LAD,0,0.25641004701824716,0.0,0.29495648498785865
200,1,LAD,1,0.5898968901689363,1.0,0.19185026987921877
201,1,LAD,0,0.6924553812507764,1.0,0.236435432087173
202,1,LAD,1,0.8113360992093253,1.0,0.09061572605941748
203,1,LAD,0,0.15408962842235022,0.0,0.1516545787084411
204,1,LAD,0,0.353598373447335,0.0,0.18469938787443868
205,1,LAD,0,0.5703889108096657,0.0,0.13656417900405882
206,1,LAD,1,0.6357632390361863,1.0,0.22756044827895294
207,1,LAD,1,0.7082888956948238,1.0,0.10092044686833324
208,1,LAD,1,0.5331829870743189,0.0,0.2963853121662453
209,1,LAD,1,0.7237510658171039,1.0,0.10236866857467064
210,1,LAD,0,0.05022082486618345,0.0,0.061200495292464664
211,1,LAD,1,0.8493763493255384,1.0,0.05786286410514463
212,1,LAD,0,0.04114035539418989,0.0,0.16675250874584152
213,1,LAD,0,0.7318542552494021,1.0,0.10351629848216892
214,1,LAD,0,0.6906607898453309,1.0,0.15541563794152768
215,1,LAD,1,0.6844942506882473,1.0,0.09245882617146228
216,1,LAD,0,0.5354787302342097,0.0,0.24174830481316517
217,1,LAD,0,0.4224057545960652,0.0,0.3430492695068347
218,1,LAD,0,0.46192946210542474,0.0,0.17192986445194153
219,1,LAD,1,0.05679258224544469,0.0,0.10700827983073483
220,1,LAD,1,0.7644373562457196,1.0,0.1040849951665841
221,1,LAD,1,0.49048748269585335,0.0,0.19067840345672155
222,1,LAD,1,0.7912702562599772,1.0,0.07902558120999081
223,1,LAD,1,0.629588497077042,1.0,0.09625120933444753
224,1,LAD,1,0.797228909894998,1.0,0.0418198009684958
225,1,LAD,0,0.6049599426249597,1.0,0.16676997538374727
226,1,LAD,1,0.7490015750210186,1.0,0.12821842566350772
227,1,LAD,1,0.7039538506543094,1.0,0.228810112585777
228,1,LAD,1,0.7258357720704135,1.0,0.15966727535010727
229,1,LAD,1,0.7264626742069649,1.0,0.15822314301405405
230,1,LAD,1,0.8825007620722256,1.0,0.06609852872632493
231,1,LAD,0,0.8711303918993529,1.0,0.07559680766326893
232,1,LAD,1,0.6759163680092087,1.0,0.27283204161907765
233,1,LAD,0,0.4113774180986044,0.0,0.36173773896971506
234,1,LAD,0,0.40170939297331676,0.0,0.1695852534409763
235,1,LAD,1,0.6878976124767382,1.0,0.1205420702930019
236,1,LAD,1,0.636509870143472,0.0,0.23748831788991648
237,1,LAD,1,0.43801087621481355,0.0,0.20554897523084775
238,1,LAD,1,0.15123329780805925,0.0,0.08846397104320289
239,1,LAD,1,0.8482156820133103,1.0,0.07388024258773185
240,1,LAD,1,0.8686647301351158,1.0,0.03591611177865839
241,1,LAD,1,0.5973800796328489,0.0,0.15403420007011687
242,1,LAD,1,0.6747216638508952,1.0,0.11889339577923419
243,1,LAD,0,0.6941937595685154,1.0,0.23987923966054525
244,1,LAD,1,0.6241666196649094,1.0,0.09290847554462145
245,1,LAD,1,0.3073945649790367,0.0,0.2651362832592215
246,1,LAD,1,0.8604722938488629,1.0,0.14279724591761755
247,1,LAD,0,0.14807641349141776,0.0,0.16746758985941473
248,1,LAD,1,0.8574473223732754,1.0,0.10881191828677528
249,1,LAD,1,0.8088438048102785,1.0,0.2133431529960953
250,1,LAD,1,0.7391148581091165,1.0,0.11905593010662752
251,1,LAD,1,0.39573471258195836,0.0,0.3757846500247839
252,1,LAD,1,0.3855662131737183,0.0,0.18740425056125898
253,1,LAD,1,0.4694448075312068,0.0,0.19766823001417833
254,1,LAD,0,0.4085554741703651,0.0,0.2892876980088743
255,1,LAD,0,0.10055056244206972,0.0,0.10675870185742774
256,1,LAD,0,0.4062462997668278,0.0,0.21979462799270233
257,1,LAD,0,0.2765273594027224,0.0,0.21767153905642844
258,1,LAD,0,0.059037596353842724,0.0,0.11638111065095266
259,1,LAD,1,0.6119269390043046,1.0,0.2525567407357437
260,1,LAD,1,0.8331518026878565,1.0,0.05986965898259855
261,1,LAD,0,0.1247004380012631,0.0,0.14046622617949445
262,1,LAD,1,0.3414207101228666,0.0,0.17185611390637712
263,1,LAD,0,0.07878366440607322,0.0,0.18333301927809878
264,1,LAD,0,0.17681028492654477,0.0,0.24190655142723813
265,1,LAD,0,0.6475874397500222,1.0,0.24247689810185213
266,1,LAD,0,0.8026662959937443,1.0,0.0657838217041139
267,1,LAD,1,0.6799898180000804,1.0,0.10998729399905616
268,1,LAD,0,0.19415955960569903,0.0,0.25625086290645394
269,1,LAD,1,0.6912404767852436,1.0,0.1193250337686026
270,1,LAD,0,0.09853787549867615,0.0,0.217709408260706
271,1,LAD,1,0.8431224194257886,1.0,0.05729545563564631
272,1,LAD,0,0.5697526351715494,0.0,0.1630975945503148
273,1,LAD,1,0.8975447912123538,1.0,0.0912193096765006
274,1,LAD,1,0.9209303476537125,1.0,0.09981883896914534
275,1,LAD,1,0.7280948249081697,1.0,0.10596345988885902
276,1,LAD,0,0.31195665352496194,0.0,0.16930503107921083
277,1,LAD,1,0.8959974398971142,1.0,0.07098411709070696
278,1,LAD,0,0.6853290605111165,1.0,0.1254395053994204
279,1,LAD,0,0.7295092650065206,1.0,0.1349372759881865
280,1,LAD,0,0.6777277861953018,1.0,0.20458564793546963
281,1,LAD,1,0.6614069645740193,1.0,0.1441116864810562
282,1,LAD,0,0.750312314560647,1.0,0.1739405760547933
283,1,LAD,0,0.7092019780617688,1.0,0.2161487131735974
284,1,LAD,0,0.6206910530857693,1.0,0.15104966250228147
285,1,LAD,0,0.27765973897370794,0.0,0.2433206073985408
286,1,LAD,0,0.2829636316930364,0.0,0.3347724531376952
287,1,LAD,0,0.24252589332601648,0.0,0.31953146382031283
288,1,LAD,0,0.4283345232718767,0.0,0.14977177709915462
289,1,LAD,0,0.15679953130849378,0.0,0.2607799673467064
290,1,LAD,0,0.29012941849518986,0.0,0.19762339880848911
291,1,LAD,0,0.6106072208387365,1.0,0.12187207872756556
292,1,LAD,0,0.57635175514904,0.0,0.15211140631281395
293,1,LAD,0,0.44084571848769427,0.0,0.2364794412194336
294,1,LAD,1,0.7477969639619666,1.0,0.2168076483433109
295,1,LAD,0,0.4670207014158009,0.0,0.37156988784163436
296,1,LAD,0,0.1231059813283733,0.0,0.15826360537486384
297,1,LAD,0,0.10507649802235797,0.0,0.14123944894676493
298,1,LAD,1,0.603441769808457,0.0,0.1757736354809154
299,1,LAD,0,0.061412695523904645,0.0,0.1427318540271316
300,1,LAD,0,0.14613441625709575,0.0,0.18059625049400124
301,1,LAD,0,0.07259844239372946,0.0,0.044049890099044774
302,1,LAD,1,0.5471193032377357,0.0,0.28815322599766613
0,0,LCX,0,0.3745108155368643,0.0,0.20514179759406082
1,0,LCX,1,0.5380032615400647,1.0,0.15957820922344446
2,0,LCX,0,0.5399138885614023,1.0,0.20210532860998448
3,0,LCX,0,0.4259230792771838,1.0,0.2568679775343555
4,0,LCX,0,0.14833729382850946,0.0,0.125419932757033
5,0,LCX,1,0.39426049982470157,0.0,0.1485766851924641
6,0,LCX,0,0.5405829048327325,1.0,0.1655992515096435
7,0,LCX,1,0.47023908178618873,1.0,0.20573413079226877
8,0,LCX,0,0.10814470708184824,0.0,0.07738052226444175
9,0,LCX,1,0.5268295872390567,1.0,0.175354354526991
10,0,LCX,1,0.5090361044759221,1.0,0.09365180473466661
11,0,LCX,1,0.4373303733742748,0.0,0.19876299227301364
12,0,LCX,0,0.5558100806499827,1.0,0.10707453621202107
13,0,LCX,0,0.5370608984573377,1.0,0.16975799277178005
14,0,LCX,0,0.3171013167524384,0.0,0.13129231527339086
15,0,LCX,1,0.4557490979420788,0.0,0.11433467459731012
16,0,LCX,0,0.0803820543253534,0.0,0.17221523102280434
17,0,LCX,0,0.20706185752981035,0.0,0.22427619821760278
18,0,LCX,0,0.4958282478988401,1.0,0.08009643214128237
19,0,LCX,1,0.5044172037877159,1.0,0.1568627085361376
20,0,LCX,1,0.09894155968587648,0.0,0.06559212968943827
21,0,LCX,1,0.5037473511223849,1.0,0.14213312397094713
22,0,LCX,1,0.5348146512230771,1.0,0.11573081504828076
23,0,LCX,0,0.5550508978097836,1.0,0.17859992840712824
24,0,LCX,0,0.5108649784370337,1.0,0.1052685992047776
25,0,LCX,0,0.548642145834851,1.0,0.18019853640764671
26,0,LCX,0,0.2746465275728546,0.0,0.12330999575118684
27,0,LCX,0,0.293714609722343,0.0,0.11682967241544767
28,0,LCX,1,0.5003121283297822,1.0,0.14792129325453585
29,0,LCX,1,0.6034900235068188,1.0,0.1577390255336123
30,0,LCX,0,0.4392852803263115,1.0,0.10820455534881951
31,0,LCX,1,0.5405745181136385,1.0,0.16505941464405882
32,0,LCX,1,0.5153110306887795,1.0,0.275918047096152
33,0,LCX,1,0.5689140010005136,1.0,0.26823943072976575
34,0,LCX,0,0.5080785045240214,1.0,0.19371795374373346
35,0,LCX,0,0.09075473077126019,0.0,0.08698917350910933
36,0,LCX,1,0.547516567973681,1.0,0.2800308562829832
37,0,LCX,1,0.5284218285063957,1.0,0.3374792935346156
38,0,LCX,0,0.39221034306824415,1.0,0.22036700923147146
39,0,LCX,1,0.5347298194176532,1.0,0.23406728933104848
40,0,LCX,0,0.6367938444630281,1.0,0.13952585227776604
41,0,LCX,0,0.05473786370941913,0.0,0.0841364038389775
42,0,LCX,0,0.25630163340797196,0.0,0.23018848063862357
43,0,LCX,0,0.30902199927741875,0.0,0.24208801482319972
44,0,LCX,0,0.4312569830535973,1.0,0.10738753653163502
45,0,LCX,1,0.5423303456903878,1.0,0.22475558630611736
46,0,LCX,1,0.31325493458197223,0.0,0.17473869535655873
47,0,LCX,1,0.5804142035817819,1.0,0.1415430195138313
48,0,LCX,0,0.08797468000279551,0.0,0.15263219056346355
49,0,LCX,0,0.3750301771263134,1.0,0.16630460673303543
50,0,LCX,1,0.4247384904333131,1.0,0.277513813741738
51,0,LCX,1,0.45196375933199245,1.0,0.24671156572187142
52,0,LCX,0,0.53396194769155,1.0,0.049037081037513364
53,0,LCX,0,0.30327500519139816,1.0,0.087107478135026
54,0,LCX,0,0.06294717876525041,0.0,0.08728260944665658
55,0,LCX,1,0.44629013139553547,1.0,0.20182763548012506
56,0,LCX,1,0.4526601250981274,0.0,0.13766642253327588
57,0,LCX,1,0.5839528343366022,1.0,0.24551034419379114
58,0,LCX,1,0.09778477341757925,0.0,0.10209295293466135
59,0,LCX,1,0.5669183789816529,1.0,0.22050692751663592
60,0,LCX,0,0.15211033466822893,0.0,0.18275881341235983
61,0,LCX,0,0.33263842679451855,0.0,0.18815041679028038
62,0,LCX,0,0.2191699020807049,0.0,0.37972315163266346
63,0,LCX,1,0.4973693783220993,1.0,0.17498637045651688
64,0,LCX,0,0.07309220468234377,0.0,0.15222454719707937
65,0,LCX,1,0.3573334263349931,0.0,0.19372258753345417
66,0,LCX,0,0.5098666788375531,1.0,0.18145474185016974
67,0,LCX,0,0.3958183694778048,0.0,0.1779094345672374
68,0,LCX,0,0.18554793889594304,0.0,0.08690956543965057
69,0,LCX,1,0.5273131460388641,1.0,0.1814688390473822
70,0,LCX,0,0.15436953154458474,0.0,0.06896884001918649
71,0,LCX,1,0.5478523130201342,1.0,0.11276360207027791
72,0,LCX,0,0.4286337268399824,1.0,0.22240330050897872
73,0,LCX,0,0.476245107719653,1.0,0.1836407562311132
74,0,LCX,1,0.6218340364061057,1.0,0.11388649661992822
75,0,LCX,0,0.39956133452804937,1.0,0.15206995673129303
76,0,LCX,0,0.5336238356711703,1.0,0.14752642783763303
77,0,LCX,1,0.42286578532691793,0.0,0.17306393163230804
78,0,LCX,1,0.46182181938531613,1.0,0.14162399330234787
79,0,LCX,0,0.2039885235839077,0.0,0.20081480851347944
80,0,LCX,1,0.4421147111371901,0.0,0.14080893653188092
81,0,LCX,0,0.5518524275229884,1.0,0.16448801284840464
82,0,LCX,1,0.46483983897242265,1.0,0.4177867666056467
83,0,LCX,0,0.500933083180964,1.0,0.294725787562076
84,0,LCX,0,0.513927551146736,1.0,0.1872245144514596
85,0,LCX,1,0.2380982372040425,0.0,0.2446655946164725
86,0,LCX,1,0.5190624474650809,1.0,0.10140359809737709
87,0,LCX,1,0.5310104170219898,1.0,0.24361071433166315
88,0,LCX,1,0.5401810661279882,1.0,0.2703261487661989
89,0,LCX,1,0.5495754812138953,1.0,0.18945594213397748
90,0,LCX,1,0.4152970607654544,0.0,0.168148803282347
91,0,LCX,0,0.3459597085158101,1.0,0.3976811986750612
92,0,LCX,1,0.5234049562879317,1.0,0.21789271596204407
93,0,LCX,0,0.6365693477988974,1.0,0.14556699870600232
94,0,LCX,0,0.5309318958020475,1.0,0.21799598379356366
95,0,LCX,1,0.4420260901645582,1.0,0.19065748598745175
96,0,LCX,1,0.5162968930707725,1.0,0.07517948705770539
97,0,LCX,1,0.5126893902085558,1.0,0.19703401721304392
98,0,LCX,1,0.5155451756851241,1.0,0.24888226675080377
99,0,LCX,0,0.21114395741864656,0.0,0.1662553582036574
100,0,LCX,0,0.6941684970111967,1.0,0.16822036545519115
101,0,LCX,1,0.6842735374619704,1.0,0.09705924623490392
102,0,LCX,0,0.06839191308092737,0.0,0.10110090284719614
103,0,LCX,1,0.42822421368158986,0.0,0.17612141881911753
104,0,LCX,1,0.45662493514267477,1.0,0.14659439802008928
105,0,LCX,0,0.49136585655604825,1.0,0.1376219090996727
106,0,LCX,0,0.5307047537787266,1.0,0.13053243868580688
107,0,LCX,1,0.3667291686466771,1.0,0.2353787706392987
108,0,LCX,0,0.20174786218182114,0.0,0.2997854920927608
109,0,LCX,1,0.5413272379858155,1.0,0.14812187762904638
110,0,LCX,1,0.13812141249274051,0.0,0.23803171462126022
111,0,LCX,1,0.5163978059331585,1.0,0.22843984369739678
112,0,LCX,1,0.46476462028017657,0.0,0.10179786239654642
113,0,LCX,0,0.0761098616287118,0.0,0.05444047729574105
114,0,LCX,1,0.5723750429705645,1.0,0.26301206328137094
115,0,LCX,1,0.5370213000399208,1.0,0.12375986776732423
116,0,LCX,0,0.5068713669084576,1.0,0.2169997185453707
117,0,LCX,1,0.5178449790364603,1.0,0.1466049480650049
118,0,LCX,0,0.5035598523291427,1.0,0.1945209845984469
119,0,LCX,1,0.5120702379826699,1.0,0.1819099841857384
120,0,LCX,1,0.3956171762512449,0.0,0.12119514534836895
121,0,LCX,0,0.48734731446768126,1.0,0.2671401286003582
122,0,LCX,1,0.4680641066351072,1.0,0.24855549359803697
123,0,LCX,1,0.30885660779551166,1.0,0.2305129070907866
124,0,LCX,0,0.4580642878717846,1.0,0.07478711720374476
125,0,LCX,1,0.43553819369254576,1.0,0.2290526260247327
126,0,LCX,0,0.5130970471158047,1.0,0.23488027420305568
127,0,LCX,0,0.5492636504441082,1.0,0.15619739355059348
128,0,LCX,0,0.34410741976689835,0.0,0.13273155334483328
129,0,LCX,0,0.2578413096577664,0.0,0.11741462763969313
130,0,LCX,0,0.12725498079275555,0.0,0.17351272682347885
131,0,LCX,0,0.5407518984769717,1.0,0.17425948989799434
132,0,LCX,0,0.5105954316954554,1.0,0.10575849714629204
133,0,LCX,0,0.22805862790723588,0.0,0.18310543945779625
134,0,LCX,0,0.4510892727068319,1.0,0.21578289668425402
135,0,LCX,0,0.5543313610101329,1.0,0.1229603046436854
136,0,LCX,0,0.14390394057431455,0.0,0.1470691861550582
137,0,LCX,0,0.14724294329526544,0.0,0.251886860964014
138,0,LCX,1,0.5050081953618105,1.0,0.14268659216144358
139,0,LCX,1,0.5449238839301949,1.0,0.22478579079892885
140,0,LCX,0,0.45235943891883473,1.0,0.13701786201025373
141,0,LCX,0,0.5467427017414775,1.0,0.15556491188567706
142,0,LCX,1,0.14376763591521574,0.0,0.11680410696431698
143,0,LCX,0,0.014170462758136002,0.0,0.05220906274386532
144,0,LCX,1,0.5495666952488316,1.0,0.17571470258782185
145,0,LCX,1,0.5131738216440324,1.0,0.10428876250736507
146,0,LCX,0,0.582358884017552,1.0,0.23408784598711263
147,0,LCX,1,0.4681844181018144,1.0,0.23992664951949663
148,0,LCX,1,0.45183095091883424,1.0,0.171409397594475
149,0,LCX,1,0.5359006910231394,1.0,0.25588902882492587
150,0,LCX,0,0.3562404449328717,1.0,0.15366820172712803
151,0,LCX,0,0.3239406543972415,0.0,0.22784608651514454
152,0,LCX,0,0.41837270605809906,0.0,0.20517459253911113
153,0,LCX,0,0.3333932422492274,1.0,0.2660323167050906
154,0,LCX,0,0.5080009842431435,1.0,0.2370934042610922
155,0,LCX,1,0.5590855199029312,1.0,0.25930782966458304
156,0,LCX,1,0.46605543152439793,1.0,0.11007664121753041
157,0,LCX,1,0.33558243473256694,0.0,0.20125056986928708
158,0,LCX,1,0.18809122258765573,0.0,0.29014078775415236
159,0,LCX,0,0.5195660040147762,1.0,0.14472781802689028
160,0,LCX,0,0.39753661688869896,0.0,0.21608599787930782
161,0,LCX,0,0.5514117425642634,1.0,0.22310107338048102
162,0,LCX,0,0.5462102309505213,1.0,0.1606314891789572
163,0,LCX,1,0.5364153060592856,1.0,0.19806372039302483
164,0,LCX,1,0.5823938470449759,1.0,0.24410775492471426
165,0,LCX,0,0.44189157246707084,0.0,0.09139151145153918
166,0,LCX,0,0.1050448813554087,0.0,0.19006216210157414
167,0,LCX,1,0.37686384921104704,0.0,0.20073578852463103
168,0,LCX,0,0.17490400033874176,0.0,0.1414359778476524
169,0,LCX,0,0.09824952210526111,0.0,0.10952502927992183
170,0,LCX,0,0.12217723415854966,0.0,0.14304368377365007
171,0,LCX,0,0.3841210477697894,0.0,0.1735722452869869
172,0,LCX,0,0.39950331238324316,0.0,0.2122418843911238
173,0,LCX,1,0.5592049884662696,1.0,0.23516493675264183
174,0,LCX,1,0.5328193741053802,1.0,0.06236562401184087
175,0,LCX,0,0.48681307673243784,1.0,0.25018277402603917
176,0,LCX,0,0.17109749101383126,0.0,0.1421828044001902
177,0,LCX,1,0.5004378050631318,1.0,0.2580539010599414
178,0,LCX,1,0.5047100254057781,1.0,0.3429741908460377
179,0,LCX,0,0.17187893674236498,0.0,0.3922250785073709
180,0,LCX,0,0.15332496967425172,0.0,0.09897711010095805
181,0,LCX,1,0.4644569793375436,1.0,0.1990290269948239
182,0,LCX,1,0.3628177565140324,1.0,0.22372980216030636
183,0,LCX,0,0.4465352632149585,1.0,0.10463080061232077
184,0,LCX,1,0.39527710204221495,0.0,0.2042201494808464
185,0,LCX,0,0.4380209090081687,1.0,0.16413973293141287
186,0,LCX,0,0.4399253074144925,1.0,0.1495477089059286
187,0,LCX,1,0.5451823003592188,1.0,0.12816052820829565
188,0,LCX,0,0.3241810455867927,0.0,0.15935694669612124
189,0,LCX,1,0.3616843156299788,0.0,0.24699299602862096
190,0,LCX,0,0.41434176540508594,1.0,0.13478321138769006
191,0,LCX,0,0.5448423689167063,1.0,0.1097871256523803
192,0,LCX,0,0.059147933382582715,0.0,0.11248774604801656
193,0,LCX,0,0.3965426667301981,0.0,0.2139711673253315
194,0,LCX,0,0.114157684812525,0.0,0.17258726324832296
195,0,LCX,0,0.528350634673667,1.0,0.09836877639968622
196,0,LCX,0,0.06937077525607833,0.0,0.0708480593977958
197,0,LCX,1,0.5354855793288164,1.0,0.17453668935775524
198,0,LCX,0,0.5841809768350447,1.0,0.16597597943833908
199,0,LCX,0,0.13412347847677658,0.0,0.11928582762646402
200,0,LCX,0,0.5358747244988968,1.0,0.11603934689916023
201,0,LCX,0,0.4032761282848111,0.0,0.16343149097118453
202,0,LCX,1,0.5371468970514088,1.0,0.14345416376941234
203,0,LCX,0,0.15115843943520368,0.0,0.15544169798680596
204,0,LCX,0,0.19509609781053439,0.0,0.12483766652338077
205,0,LCX,0,0.3270728746651619,1.0,0.24098881734077077
206,0,LCX,1,0.55135483206462,1.0,0.1154487285985148
207,0,LCX,0,0.4809549676573085,1.0,0.24768645506850728
208,0,LCX,0,0.46033834679887614,1.0,0.20271130523036973
209,0,LCX,0,0.5298480038671359,1.0,0.16316457132258677
210,0,LCX,0,0.18861685188889307,0.0,0.14726531315044106
211,0,LCX,0,0.4636657080107463,1.0,0.12121026413541719
212,0,LCX,0,0.025923210630950898,0.0,0.01844050835088698
213,0,LCX,0,0.5433107533109145,1.0,0.18386632073892922
214,0,LCX,0,0.4971983624562867,1.0,0.22535160880059268
215,0,LCX,0,0.5466985515364619,1.0,0.13707070103852625
216,0,LCX,0,0.3135711579732049,0.0,0.1272511942691863
217,0,LCX,0,0.24102218810316559,0.0,0.1943150359485064
218,0,LCX,0,0.3535163416054127,0.0,0.1849624814430908
219,0,LCX,1,0.09777577854992187,0.0,0.1634160356154383
220,0,LCX,1,0.4958850902262811,1.0,0.1948826383279838
221,0,LCX,1,0.2808533638064608,0.0,0.21611071939912557
222,0,LCX,1,0.5658125931001077,1.0,0.17061206355684433
223,0,LCX,1,0.3673077263536259,1.0,0.23205805588652112
224,0,LCX,0,0.5040258662571617,1.0,0.22801705603022954
225,0,LCX,0,0.47093394254266413,1.0,0.18287643378501323
226,0,LCX,1,0.5473265114904194,1.0,0.16528145400528993
227,0,LCX,1,0.3911951043976655,1.0,0.1862406783108748
228,0,LCX,0,0.4420617452171755,0.0,0.17863925045344675
229,0,LCX,1,0.3995282033575735,1.0,0.2929473260982682
230,0,LCX,0,0.5855165256025008,1.0,0.17183232588245323
231,0,LCX,0,0.5368542328801222,1.0,0.11698606740690332
232,0,LCX,1,0.5164446867571382,1.0,0.09996626150987026
233,0,LCX,0,0.269355739176394,1.0,0.3039933255422722
234,0,LCX,0,0.06950316901713474,0.0,0.16811023874908174
235,0,LCX,1,0.541126948270469,1.0,0.19595808890063188
236,0,LCX,1,0.48443189551039195,1.0,0.0848080191722752
237,0,LCX,0,0.1762134930210999,0.0,0.17214491668682286
238,0,LCX,0,0.1541452477145989,0.0,0.13386863996409132
239,0,LCX,0,0.5214621331939243,1.0,0.16836522073841137
240,0,LCX,0,0.5444500784647178,1.0,0.2915479632915332
241,0,LCX,1,0.44320472479687967,0.0,0.13984515018686067
242,0,LCX,0,0.5331455439664536,1.0,0.07949315552282599
243,0,LCX,0,0.4408512948318126,1.0,0.22770522462724385
244,0,LCX,1,0.35925311186653724,0.0,0.1640124287855318
245,0,LCX,1,0.13821292714425867,0.0,0.22151878580568735
246,0,LCX,1,0.5841585168849568,1.0,0.15103600346182333
247,0,LCX,0,0.09017638387655785,0.0,0.19084503490895877
248,0,LCX,1,0.5743225565300225,1.0,0.11782855283964233
249,0,LCX,1,0.534803544374616,1.0,0.12209538752273674
250,0,LCX,0,0.5355886254808687,1.0,0.09632009796020258
251,0,LCX,0,0.199372244642879,0.0,0.18140761674762615
252,0,LCX,0,0.44300559809557827,1.0,0.2040559986087807
253,0,LCX,0,0.4544041631589197,1.0,0.13584711930991528
254,0,LCX,0,0.33739292733643855,0.0,0.17577760134985995
255,0,LCX,0,0.08201857701278781,0.0,0.07837890228064322
256,0,LCX,0,0.18408013408777735,0.0,0.18563986128699506
257,0,LCX,0,0.13716969864518758,0.0,0.1392350770616555
258,0,LCX,0,0.16612264031908955,0.0,0.18244092484943014
259,0,LCX,0,0.31412954830386597,0.0,0.13231147701145882
260,0,LCX,1,0.47140852889001944,0.0,0.24784954453301383
261,0,LCX,0,0.019448494826327944,0.0,0.0283333005731548
262,0,LCX,0,0.4000440130544814,0.0,0.1313074647461443
263,0,LCX,0,0.03471892551281202,0.0,0.06042400781171862
264,0,LCX,0,0.13700205888967681,0.0,0.1516532868035022
265,0,LCX,1,0.4613647613208048,1.0,0.15031650405780983
266,0,LCX,1,0.5327329621965176,1.0,0.06319860827157364
267,0,LCX,1,0.36250366681337665,0.0,0.22370542368892127
268,0,LCX,0,0.09120698669087035,0.0,0.06075361614024762
269,0,LCX,0,0.5567591224529284,1.0,0.09644206408770623
270,0,LCX,0,0.0803858160013868,0.0,0.09481082965135228
271,0,LCX,0,0.5060875424264941,1.0,0.06135444573640925
272,0,LCX,0,0.4511783725396341,0.0,0.1537802514526767
273,0,LCX,1,0.5987540732020405,1.0,0.16211362383365913
274,0,LCX,0,0.5528809158879968,1.0,0.21069292389583133
275,0,LCX,0,0.44201995061088806,0.0,0.1866118450033054
276,0,LCX,0,0.12845490500355197,0.0,0.0867631998007707
277,0,LCX,0,0.5022142410650868,1.0,0.1999908620022155
278,0,LCX,0,0.5548692693688159,1.0,0.09847810828505815
279,0,LCX,1,0.5505578278051465,1.0,0.21227946371488515
280,0,LCX,0,0.3874008939175525,0.0,0.20840800454220348
281,0,LCX,1,0.5400667750064526,1.0,0.21335629021185032
282,0,LCX,0,0.5370093533401068,1.0,0.12942190741810122
283,0,LCX,0,0.49432857742964625,1.0,0.1782248357204934
284,0,LCX,0,0.45856300654647786,1.0,0.18877046825992805
285,0,LCX,0,0.11018086415291076,0.0,0.1709645011188975
286,0,LCX,0,0.2352605852276093,0.0,0.20871683219652007
287,0,LCX,0,0.3159856642999525,0.0,0.23265808312205954
288,0,LCX,1,0.3143607940859612,0.0,0.1579052630498673
289,0,LCX,0,0.13873555951365835,0.0,0.10926289071781534
290,0,LCX,0,0.03594945332593125,0.0,0.0867316084589744
291,0,LCX,0,0.32593955343444103,0.0,0.1479582525987315
292,0,LCX,0,0.32691312464731764,0.0,0.1469266851957452
293,0,LCX,0,0.3406808087402623,0.0,0.3697010437242333
294,0,LCX,1,0.4067081179397203,0.0,0.13611129193177746
295,0,LCX,0,0.25685254175331895,0.0,0.2351616603230353
296,0,LCX,0,0.14456563027632877,0.0,0.18819265784856232
297,0,LCX,0,0.13571078061400924,0.0,0.1584366122682015
298,0,LCX,1,0.4725092194877307,1.0,0.12976701215661257
299,0,LCX,0,0.14663331592539153,0.0,0.09006126485299254
300,0,LCX,0,0.0979414191809605,0.0,0.104879116255919
301,0,LCX,0,0.06021123257041124,0.0,0.16100120341794283
302,0,LCX,0,0.46096038720970617,1.0,0.08372086491171749
0,1,LCX,0,0.2975241681774046,0.0,0.20591743400256163
1,1,LCX,1,0.6924180478850399,1.0,0.10837708963114778
2,1,LCX,0,0.40993044610118806,1.0,0.13543367001602896
3,1,LCX,0,0.10962841244177031,0.0,0.16623201587933964
4,1,LCX,0,0.10562672576709405,0.0,0.11850966517254968
5,1,LCX,1,0.43439558994412464,1.0,0.13256740147125146
6,1,LCX,0,0.556542654465664,1.0,0.1978325153983957
7,1,LCX,1,0.4804786928059618,1.0,0.19209569911520585
8,1,LCX,0,0.010060178245450135,0.0,0.00521815342131531
9,1,LCX,1,0.49983112463276785,1.0,0.20035232496604066
10,1,LCX,1,0.46935599243479836,1.0,0.16807529288483503
11,1,LCX,1,0.346575300933103,1.0,0.19891079294838573
12,1,LCX,0,0.5428816783332422,1.0,0.17971860540568751
13,1,LCX,0,0.5785034505353983,1.0,0.14433981733557177
14,1,LCX,0,0.31392785863140904,0.0,0.2242265312566098
15,1,LCX,1,0.435876108859771,0.0,0.18418430319944185
16,1,LCX,0,0.06925522824037865,0.0,0.25389973677152483
17,1,LCX,0,0.21427902283787612,0.0,0.1750087975405292
18,1,LCX,0,0.5376918919328937,1.0,0.09735787111206479
19,1,LCX,1,0.5599535949303782,1.0,0.1711803860211759
20,1,LCX,1,0.05099302146561388,0.0,0.036763130909715246
21,1,LCX,1,0.48634118218594113,1.0,0.19260650606879637
22,1,LCX,1,0.5918463975174434,1.0,0.13760857441941665
23,1,LCX,0,0.5675363238389948,1.0,0.21526145035588584
24,1,LCX,0,0.4717520574909767,1.0,0.20007532192633481
25,1,LCX,0,0.5970850874376947,1.0,0.18294199883887263
26,1,LCX,0,0.09868194048911749,0.0,0.1915949944086623
27,1,LCX,0,0.1487998947987747,0.0,0.18610567150294524
28,1,LCX,1,0.5450518503288503,1.0,0.21150143379630404
29,1,LCX,1,0.645751241867433,1.0,0.12157510273533134
30,1,LCX,0,0.49434372140492455,1.0,0.17758634190374445
31,1,LCX,1,0.5678732137761033,1.0,0.18572324284119074
32,1,LCX,1,0.4596171254278375,1.0,0.19275005633140713
33,1,LCX,1,0.5785000092768685,1.0,0.18349557615271217
34,1,LCX,0,0.5599019036542947,1.0,0.1320384282493534
35,1,LCX,0,0.13820257851476567,0.0,0.2668975931454894
36,1,LCX,1,0.5084152627543177,1.0,0.14458029819798135
37,1,LCX,1,0.5362891832965255,1.0,0.2536489668686072
38,1,LCX,0,0.5094429857339231,1.0,0.2986040244942964
39,1,LCX,1,0.5610961150125138,1.0,0.2049419727100969
40,1,LCX,0,0.6173390542022114,1.0,0.15283727952881243
41,1,LCX,0,0.07685200996049132,0.0,0.07748234583768447
42,1,LCX,0,0.10619860762294624,0.0,0.16007159620955644
43,1,LCX,0,0.5323763780726236,1.0,0.1723958611975155
44,1,LCX,0,0.36259903281468875,1.0,0.17337431339043935
45,1,LCX,1,0.4863011566805917,1.0,0.1126300779409527
46,1,LCX,1,0.38651583628131797,0.0,0.186745741601975
47,1,LCX,1,0.5566365722998273,1.0,0.23814908585285766
48,1,LCX,0,0.05945627862984079,0.0,0.11177007645910676
49,1,LCX,0,0.22986451617458878,0.0,0.16038899399379294
50,1,LCX,1,0.3700641827455208,0.0,0.20451813699578308
51,1,LCX,1,0.47877304266340853,1.0,0.07759829985903988
52,1,LCX,0,0.5393973250115394,1.0,0.11103649068749588
53,1,LCX,0,0.20206608231231402,0.0,0.129514520957339
54,1,LCX,0,0.054720179183627114,0.0,0.10495244601164389
55,1,LCX,1,0.4834812893146258,1.0,0.10432352094699687
56,1,LCX,1,0.5235579309907685,1.0,0.05109723894610957
57,1,LCX,1,0.5747639597436734,1.0,0.16850208305751257
58,1,LCX,1,0.41897653062382545,1.0,0.1390439642242745
59,1,LCX,1,0.5976971349446992,1.0,0.18514768104010787
60,1,LCX,0,0.15539663233218903,0.0,0.12368826547649436
61,1,LCX,0,0.33035724528553123,0.0,0.2428085762817831
62,1,LCX,0,0.1997392161639583,0.0,0.17579008333351875
63,1,LCX,1,0.6509847428073278,1.0,0.23176813237408533
64,1,LCX,0,0.05670389221489037,0.0,0.10510625730994907
65,1,LCX,1,0.44618620076885684,1.0,0.16731203279082218
66,1,LCX,0,0.5335341113553593,1.0,0.0770181239731848
67,1,LCX,0,0.16093255143417506,0.0,0.16918035150578814
68,1,LCX,0,0.17309141114307663,0.0,0.20395897772158028
69,1,LCX,1,0.5676830800537468,1.0,0.19366452094593944
70,1,LCX,0,0.1872846708007071,0.0,0.19992731232929217
71,1,LCX,1,0.5706731160929466,1.0,0.17697159928659223
72,1,LCX,0,0.3308690224358654,0.0,0.15712721016070447
73,1,LCX,0,0.4164194433699786,0.0,0.39421937684235847
74,1,LCX,1,0.6807548359961392,1.0,0.09489916269818444
75,1,LCX,0,0.19140165288470914,0.0,0.23037801990961776
76,1,LCX,0,0.5462731031437795,1.0,0.15701827039395455
77,1,LCX,1,0.46737132240600393,1.0,0.3669657787091162
78,1,LCX,1,0.45084829053570374,1.0,0.13832490367038475
79,1,LCX,0,0.1896428660154684,0.0,0.07893126355847771
80,1,LCX,1,0.5455122064926782,1.0,0.0763244263580184
81,1,LCX,0,0.4786083810837759,1.0,0.219665157143332
82,1,LCX,1,0.6761781154141191,1.0,0.3843792179856383
83,1,LCX,0,0.5454720159790375,1.0,0.2544510535579363
84,1,LCX,0,0.5543475219118703,1.0,0.14740334918978798
85,1,LCX,1,0.28399475610792024,0.0,0.16125731987527853
86,1,LCX,1,0.5987000097061709,1.0,0.17743378785297192
87,1,LCX,1,0.6084209516137846,1.0,0.14062056117712096
88,1,LCX,1,0.5786612819827751,1.0,0.20344324567751648
89,1,LCX,1,0.5247346888490094,1.0,0.2137909133644491
90,1,LCX,1,0.437835655902678,1.0,0.2493932388397847
91,1,LCX,0,0.16820948058660784,0.0,0.19939644390171
92,1,LCX,1,0.5558614001583757,1.0,0.25115076919997537
93,1,LCX,0,0.6317725557145024,1.0,0.18089824682793798
94,1,LCX,0,0.39558778375149006,1.0,0.1826509437670648
95,1,LCX,1,0.4710052825007098,1.0,0.1922931464575232
96,1,LCX,1,0.5229197490356564,1.0,0.1373398411834581
97,1,LCX,1,0.5811774584136057,1.0,0.1482510375922944
98,1,LCX,1,0.530616617699422,1.0,0.13091231888505822
99,1,LCX,0,0.3394717765808793,1.0,0.19671164448130968
100,1,LCX,0,0.6400859503046797,1.0,0.19562712730843224
101,1,LCX,1,0.5918750101251768,1.0,0.1922014090449129
102,1,LCX,0,0.07591010753328481,0.0,0.14202633912649426
103,1,LCX,1,0.4411300018584586,0.0,0.22115495500525129
104,1,LCX,1,0.3884932369726186,0.0,0.19362982425302483
105,1,LCX,0,0.5141972155697165,1.0,0.10752026329851777
106,1,LCX,0,0.5614866912174767,1.0,0.22460517693484694
107,1,LCX,1,0.11878522838351399,0.0,0.2031320444367892
108,1,LCX,0,0.12918983708289994,0.0,0.14160877541170652
109,1,LCX,1,0.4623324177405491,1.0,0.1406621140608426
110,1,LCX,1,0.17680965037073015,0.0,0.14248632367313213
111,1,LCX,1,0.5609829302184399,1.0,0.1874995585709217
112,1,LCX,1,0.4654589458378482,1.0,0.12595875668396495
113,1,LCX,0,0.10643016669243409,0.0,0.1057642383867248
114,1,LCX,1,0.6915606062540424,1.0,0.24831404413054725
115,1,LCX,1,0.5856320012777543,1.0,0.11502293330911473
116,1,LCX,0,0.5442817265229444,1.0,0.1702753789931311
117,1,LCX,1,0.6261767041553875,1.0,0.11055488315187356
118,1,LCX,0,0.36463228382155505,0.0,0.24047944647013436
119,1,LCX,1,0.5309481004714706,1.0,0.19938009156459024
120,1,LCX,1,0.579049715113431,1.0,0.2957820104459399
121,1,LCX,0,0.5382022578907187,1.0,0.14397007433573683
122,1,LCX,1,0.5570719563280315,1.0,0.1617346470838651
123,1,LCX,1,0.49512072530386453,1.0,0.32058316884128685
124,1,LCX,0,0.49084802697947066,1.0,0.2663820485669028
125,1,LCX,1,0.43295722872305076,1.0,0.13044584518107033
126,1,LCX,0,0.5006218841046218,1.0,0.1667049810817669
127,1,LCX,0,0.6445125381683745,1.0,0.1232819906228102
128,1,LCX,0,0.5073654564505483,1.0,0.18960657093894723
129,1,LCX,0,0.0730768226413145,0.0,0.08646787995197605
130,1,LCX,0,0.15607750617744423,0.0,0.1381590433140376
131,1,LCX,0,0.48661560433987866,1.0,0.24405683436879516
132,1,LCX,0,0.45309461078399554,1.0,0.10064191375002152
133,1,LCX,0,0.26701856373259536,0.0,0.11040680926073065
134,1,LCX,0,0.4850539000089706,1.0,0.22468681710457467
135,1,LCX,0,0.5084670859505204,1.0,0.14786493957346847
136,1,LCX,0,0.14512979446044147,0.0,0.10688671406151726
137,1,LCX,0,0.1976041742220593,0.0,0.20634316142562892
138,1,LCX,1,0.5608395998879548,1.0,0.1821084419699983
139,1,LCX,1,0.5442348542268153,1.0,0.16398343640756335
140,1,LCX,0,0.24944859348738477,0.0,0.12849261314499327
141,1,LCX,0,0.4901619192740576,1.0,0.1696792641140633
142,1,LCX,1,0.10029701674524494,0.0,0.09425622308526554
143,1,LCX,0,0.01133463812372389,0.0,0.03513398308829492
144,1,LCX,1,0.4474011652794175,1.0,0.08522655768307452
145,1,LCX,1,0.48663499853281955,1.0,0.23516315429095314
146,1,LCX,0,0.5967084566136933,1.0,0.16199472050347274
147,1,LCX,1,0.5335238366325452,1.0,0.3197640194109903
148,1,LCX,1,0.49861472329526985,1.0,0.21422755015362316
149,1,LCX,1,0.5636445553861794,1.0,0.18341823940015145
150,1,LCX,0,0.1996690542429774,0.0,0.1598976868847088
151,1,LCX,0,0.3201260751620298,0.0,0.1268384323088218
152,1,LCX,0,0.4325205466514194,1.0,0.22756676256755043
153,1,LCX,0,0.29295970271728994,0.0,0.17726300005933165
154,1,LCX,0,0.49265024592804973,1.0,0.15880134122036194
155,1,LCX,1,0.5463252208775898,1.0,0.2905750877417615
156,1,LCX,1,0.5681141890150867,1.0,0.16785572343713973
157,1,LCX,1,0.1582046388431398,0.0,0.1476767782234398
158,1,LCX,1,0.266847641298404,0.0,0.18949696857028503
159,1,LCX,0,0.5395016763380818,1.0,0.22691581316224674
160,1,LCX,0,0.45754963509037233,1.0,0.14546620494342039
161,1,LCX,0,0.6121757066815946,1.0,0.1525516812452974
162,1,LCX,0,0.5576842952653474,1.0,0.1371019127319661
163,1,LCX,1,0.6298942739076056,1.0,0.20632599535082063
164,1,LCX,1,0.5530449143073053,1.0,0.1737504440428157
165,1,LCX,0,0.4912185360614561,1.0,0.26725364493196924
166,1,LCX,0,0.029022689520177353,0.0,0.15299381706196793
167,1,LCX,1,0.461767208825236,1.0,0.10496509926086206
168,1,LCX,0,0.1383481514763347,0.0,0.201596613524673
169,1,LCX,0,0.0823653563015677,0.0,0.0527149567926916
170,1,LCX,0,0.0720660322494888,0.0,0.071668799414175
171,1,LCX,0,0.6087610183050776,1.0,0.22685255609493332
172,1,LCX,0,0.4989266084382082,1.0,0.2269642272472106
173,1,LCX,1,0.7210718083812776,1.0,0.25526755727280204
174,1,LCX,1,0.5722836916265913,1.0,0.10486436808777505
175,1,LCX,0,0.4088339699795481,1.0,0.17040888356306438
176,1,LCX,0,0.2042102066039563,0.0,0.10992905892769106
177,1,LCX,1,0.5602251061261979,1.0,0.09807406693684162
178,1,LCX,1,0.39790708827614873,0.0,0.15562593326617197
179,1,LCX,0,0.19870411654784956,0.0,0.1979843708623828
180,1,LCX,0,0.18309501442544357,0.0,0.19956545359433336
181,1,LCX,1,0.48203961462819583,1.0,0.07987923798150864
182,1,LCX,1,0.5489688736946023,1.0,0.17909176979730723
183,1,LCX,0,0.3397001163478159,1.0,0.1535708609586749
184,1,LCX,1,0.29818504050053657,0.0,0.12789650361982294
185,1,LCX,0,0.3871834255437291,1.0,0.22047491621605164
186,1,LCX,0,0.4951483807011075,1.0,0.23120197497149408
187,1,LCX,1,0.5046537790621073,1.0,0.22108692628885435
188,1,LCX,0,0.3590203318385511,0.0,0.20461818064894166
189,1,LCX,1,0.46891547814318985,1.0,0.22720954918899577
190,1,LCX,0,0.3814159647499682,1.0,0.1913153253358813
191,1,LCX,0,0.45246520929903056,1.0,0.19905774649553043
192,1,LCX,0,0.04862326279415556,0.0,0.09824146991419588
193,1,LCX,0,0.3701432913190693,1.0,0.23736972754482977
194,1,LCX,0,0.03153903676145368,0.0,0.0485672861110267
195,1,LCX,0,0.5290136634000071,1.0,0.21904541107102138
196,1,LCX,0,0.07123794244164966,0.0,0.12715233167823686
197,1,LCX,1,0.5364283930521236,1.0,0.18280384004272865
198,1,LCX,0,0.5582435935610672,1.0,0.23516663861272674
199,1,LCX,0,0.15722075571512928,0.0,0.2151383871013931
200,1,LCX,0,0.37506668936388543,0.0,0.2221259848774222
201,1,LCX,0,0.4696274628985791,1.0,0.26244707079616
202,1,LCX,1,0.6902250065168225,1.0,0.16519308679191036
203,1,LCX,0,0.11040406738855077,0.0,0.12154432420787226
204,1,LCX,0,0.2279354530567791,0.0,0.13567243804288875
205,1,LCX,0,0.3750430138887371,0.0,0.14850855443360306
206,1,LCX,1,0.49934753617764027,1.0,0.20833015146848383
207,1,LCX,0,0.41716065545301745,0.0,0.16512913972644283
208,1,LCX,0,0.2819025691726292,0.0,0.18669422586540785
209,1,LCX,0,0.5927779767019687,1.0,0.11762239077307224
210,1,LCX,0,0.03293332118487438,0.0,0.055177117975313494
211,1,LCX,0,0.5349338835393798,1.0,0.14542117504055974
212,1,LCX,0,0.023212561276820205,0.0,0.10369113027978337
213,1,LCX,0,0.5810814347313185,1.0,0.1804274816514927
214,1,LCX,0,0.4828791691959982,1.0,0.13168109447853477
215,1,LCX,0,0.5293512418931172,1.0,0.131500685395055
216,1,LCX,0,0.3394302126464801,0.0,0.21794521963869676
217,1,LCX,0,0.2839872017585787,0.0,0.2651189918481721
218,1,LCX,0,0.34748617786886793,0.0,0.11934372073501426
219,1,LCX,1,0.034861201398888625,0.0,0.08277090628820452
220,1,LCX,1,0.6212417730872306,1.0,0.31827890623030597
221,1,LCX,1,0.37935636705516346,0.0,0.2271202209287433
222,1,LCX,1,0.5334602485379454,1.0,0.2242726001332872
223,1,LCX,1,0.44447658487408975,1.0,0.13724258055989275
224,1,LCX,0,0.4614019757201485,1.0,0.1557676926322411
225,1,LCX,0,0.451785906429569,1.0,0.10854491031338259
226,1,LCX,1,0.5305034798317925,1.0,0.15710689925798665
227,1,LCX,1,0.4066840918440247,1.0,0.1800937507609659
228,1,LCX,0,0.4989543982036469,1.0,0.20034645751213148
229,1,LCX,1,0.3668274835914979,0.0,0.1798797020268257
230,1,LCX,0,0.5905107254595262,1.0,0.12238764975072824
231,1,LCX,0,0.5428871526978674,1.0,0.08329026038298981
232,1,LCX,1,0.2778963783718897,0.0,0.1554684531776028
233,1,LCX,0,0.3139088225725719,0.0,0.2158984060967489
234,1,LCX,0,0.2951264858371022,0.0,0.19470045731323343
235,1,LCX,1,0.681325245386902,1.0,0.11413312133854481
236,1,LCX,1,0.3453003800436374,0.0,0.17071819330066543
237,1,LCX,0,0.2341698618539274,0.0,0.08974804845232467
238,1,LCX,0,0.11083804005238754,0.0,0.05621252603761164
239,1,LCX,0,0.47749670402489985,1.0,0.18729315140861302
240,1,LCX,0,0.6529485839384611,1.0,0.2025720362797815
241,1,LCX,1,0.46621034743419165,1.0,0.17314752012286244
242,1,LCX,0,0.40630163823819776,0.0,0.15204718777707066
243,1,LCX,0,0.4071842157835255,1.0,0.11983836309038348
244,1,LCX,1,0.4886871108536798,1.0,0.1468457624111858
245,1,LCX,1,0.21338174463898138,0.0,0.16409398509221032
246,1,LCX,1,0.5909182142932596,1.0,0.20079525591460134
247,1,LCX,0,0.08999946306016077,0.0,0.07358081693940971
248,1,LCX,1,0.5855648797124431,1.0,0.11084803435126211
249,1,LCX,1,0.4585185007839385,1.0,0.20142052805309163
250,1,LCX,0,0.451874179553972,1.0,0.21775234905130264
251,1,LCX,0,0.22320493915469705,0.0,0.2422888750120003
252,1,LCX,0,0.2648660519870237,0.0,0.17610224858140566
253,1,LCX,0,0.34624395237801475,1.0,0.09907931443101237
254,1,LCX,0,0.29937045534912377,0.0,0.20802182509099004
255,1,LCX,0,0.07922530295243471,0.0,0.12218857887804167
256,1,LCX,0,0.2993093591061012,0.0,0.19196741025849415
257,1,LCX,0,0.20318281031611626,0.0,0.14207356481602912
258,1,LCX,0,0.03360650819896996,0.0,0.07332470353469031
259,1,LCX,0,0.45892246399981756,1.0,0.3148255291531824
260,1,LCX,1,0.5300289440952903,1.0,0.12345608370736583
261,1,LCX,0,0.10077843431908913,0.0,0.09246849091814716
262,1,LCX,0,0.2546595799536217,0.0,0.13289877441479414
263,1,LCX,0,0.050104285445865454,0.0,0.05687162205057847
264,1,LCX,0,0.12869797631007573,0.0,0.13792690745652078
265,1,LCX,1,0.39566295947767505,1.0,0.11978173865668046
266,1,LCX,1,0.5425491166272637,1.0,0.12995475060308537
267,1,LCX,1,0.4223744377145822,1.0,0.11796749004604107
268,1,LCX,0,0.11248006974286386,0.0,0.17857459245275256
269,1,LCX,0,0.5132088390118588,1.0,0.23524011940903922
270,1,LCX,0,0.05536340913882773,0.0,0.11803167121131955
271,1,LCX,0,0.5671385267333292,1.0,0.20129564298547675
272,1,LCX,0,0.35837376277035166,0.0,0.20927221890597703
273,1,LCX,1,0.5270518328616892,1.0,0.2883783101067714
274,1,LCX,0,0.5063561207021674,1.0,0.1422260249979232
275,1,LCX,0,0.5145004654259999,1.0,0.08832659909847501
276,1,LCX,0,0.2615974219873451,0.0,0.1671653313377017
277,1,LCX,0,0.48171096476877456,1.0,0.1945696372159615
278,1,LCX,0,0.5301487106602193,1.0,0.15979322670252
279,1,LCX,1,0.5762593303314294,1.0,0.1951249588136889
280,1,LCX,0,0.46196301239238685,1.0,0.2190670342286576
281,1,LCX,1,0.5061143792939184,1.0,0.22897607683811222
282,1,LCX,0,0.4781490611240604,1.0,0.09107549036715895
283,1,LCX,0,0.47801859163638455,1.0,0.15193497043262055
284,1,LCX,0,0.44220057532757073,1.0,0.11532809070740274
285,1,LCX,0,0.19288741050878055,0.0,0.14342185103586835
286,1,LCX,0,0.26655363301559193,0.0,0.26515750480631306
287,1,LCX,0,0.16659726557687518,0.0,0.2786214184659588
288,1,LCX,1,0.25336354360115787,0.0,0.19468169772723082
289,1,LCX,0,0.08785336012155733,0.0,0.17003566412852622
290,1,LCX,0,0.22699592753327902,0.0,0.1742613080868379
291,1,LCX,0,0.3820149361933954,0.0,0.29948361569593734
292,1,LCX,0,0.44783399347624836,1.0,0.14355793639817044
293,1,LCX,0,0.3228298834493262,0.0,0.15951456529422708
294,1,LCX,1,0.38927295284643176,1.0,0.16703209986787354
295,1,LCX,0,0.27525985930996943,0.0,0.2190751652631686
296,1,LCX,0,0.07443656163544206,0.0,0.1291800609781114
297,1,LCX,0,0.06753055159815868,0.0,0.08466750167638151
298,1,LCX,1,0.42777106319044883,1.0,0.16521685054558177
299,1,LCX,0,0.03322978948445129,0.0,0.07570527412900203
300,1,LCX,0,0.0914116704481515,0.0,0.05593920473788398
301,1,LCX,0,0.04929491268323456,0.0,0.039870112135116334
302,1,LCX,0,0.40847183963940326,1.0,0.17267919412546523
0,0,RCA,1,0.38529252779714546,1.0,0.14538271039468004
1,0,RCA,0,0.46054772703890134,1.0,0.20656982705041735
2,0,RCA,0,0.48409974491656094,1.0,0.17406268536453556
3,0,RCA,0,0.3937575385423222,1.0,0.4052329897590075
4,0,RCA,0,0.17230050250773576,0.0,0.2257270847130447
5,0,RCA,1,0.40137687370891817,1.0,0.1453818082658594
6,0,RCA,0,0.4015017480040639,1.0,0.15460239916227703
7,0,RCA,1,0.6071230188904492,1.0,0.19309798002666978
8,0,RCA,0,0.07185554527715092,0.0,0.08327270366004663
9,0,RCA,1,0.33934235721413586,0.0,0.1340144177178549
10,0,RCA,0,0.4893117751560626,1.0,0.10028520121861367
11,0,RCA,1,0.5524657908772294,1.0,0.24852283288175536
12,0,RCA,1,0.49755248467547253,1.0,0.23183059207669932
13,0,RCA,1,0.5422780486356994,1.0,0.10350087958000709
14,0,RCA,0,0.3236069739444575,0.0,0.24781133194024668
15,0,RCA,1,0.44443950348689,1.0,0.1953809570656732
16,0,RCA,0,0.058391101121767215,0.0,0.18046852154225126
17,0,RCA,0,0.1640347053579288,0.0,0.1937687181320898
18,0,RCA,1,0.47523514389863086,1.0,0.2546011859342067
19,0,RCA,0,0.48528951856244906,1.0,0.19305482588827078
20,0,RCA,0,0.0955427605694148,0.0,0.06088291614594485
21,0,RCA,0,0.4737627674450783,1.0,0.18856203406650685
22,0,RCA,0,0.5722557696688576,1.0,0.13227439112733752
23,0,RCA,1,0.5306467174326656,1.0,0.14867401874189912
24,0,RCA,0,0.4506108542713011,1.0,0.1723992931616044
25,0,RCA,0,0.5316622946064536,1.0,0.1261611919344232
26,0,RCA,0,0.2678714559118668,0.0,0.1989990499771854
27,0,RCA,1,0.38217758739112473,1.0,0.29072840978558345
28,0,RCA,0,0.5150843948587599,1.0,0.2481578772743699
29,0,RCA,0,0.46171771408940504,1.0,0.24038403225173338
30,0,RCA,0,0.5459789558792558,1.0,0.19217360309901899
31,0,RCA,1,0.474417499616915,1.0,0.19742683235961905
32,0,RCA,1,0.46644377634401013,1.0,0.20510404935501508
33,0,RCA,1,0.48497207468032055,1.0,0.1671897562016667
34,0,RCA,1,0.5556210278904651,1.0,0.1960313086769202
35,0,RCA,0,0.06803986811002957,0.0,0.10860842243167552
36,0,RCA,0,0.4910487976179535,1.0,0.1671724342858793
37,0,RCA,0,0.5026122289411815,1.0,0.20595104569672612
38,0,RCA,0,0.4497966682038789,1.0,0.2829169184905952
39,0,RCA,1,0.51507332817464,1.0,0.21019955635092696
40,0,RCA,0,0.594558544353234,1.0,0.29721525958074785
41,0,RCA,0,0.06482304735878745,0.0,0.09230026892297208
42,0,RCA,0,0.18303433418917125,0.0,0.18917529844686717
43,0,RCA,0,0.19719428945593567,0.0,0.2237649311517826
44,0,RCA,1,0.4155234967389033,0.0,0.2416123948087765
45,0,RCA,1,0.5249247577236822,1.0,0.1279899741134966
46,0,RCA,1,0.24856105748355825,0.0,0.1488895443812538
47,0,RCA,1,0.5989524263702651,1.0,0.16890080224849546
48,0,RCA,0,0.0975272007156414,0.0,0.15275143597548116
49,0,RCA,1,0.3464751749255055,0.0,0.1422501507891859
50,0,RCA,0,0.36780918286095016,0.0,0.139729204651663
51,0,RCA,0,0.4904974648757587,1.0,0.11852783631379338
52,0,RCA,1,0.442372657690799,1.0,0.21272214853869736
53,0,RCA,1,0.33454837441398244,0.0,0.1306525143550002
54,0,RCA,0,0.07212208616204079,0.0,0.11914131672188548
55,0,RCA,1,0.49654528618588584,1.0,0.12109799735737503
56,0,RCA,1,0.4991205485318715,1.0,0.08764618881195807
57,0,RCA,1,0.5229473014003663,1.0,0.18256698432233942
58,0,RCA,0,0.10105800979016606,0.0,0.04580555236398705
59,0,RCA,1,0.5619183392407032,1.0,0.15484115443058988
60,0,RCA,0,0.13359577834792433,0.0,0.1403330106921016
61,0,RCA,1,0.3114627859828378,0.0,0.08042431904232428
62,0,RCA,1,0.17958607002329213,0.0,0.27793619598607305
63,0,RCA,1,0.4525744110546496,1.0,0.17709703715177533
64,0,RCA,0,0.06975273699558275,0.0,0.23037840088157996
65,0,RCA,0,0.4226158477378204,1.0,0.20849170867037875
66,0,RCA,0,0.491716412564009,1.0,0.1648228707384567
67,0,RCA,0,0.31423789053060164,0.0,0.2347323420738469
68,0,RCA,0,0.15496323929489683,0.0,0.1272098626279217
69,0,RCA,1,0.4787100387642119,1.0,0.21893126872145113
70,0,RCA,0,0.1327468416084358,0.0,0.061773455791761314
71,0,RCA,1,0.5354108492559997,1.0,0.09300976937698169
72,0,RCA,0,0.5228736178147257,1.0,0.16976868588246535
73,0,RCA,1,0.5576443060819913,1.0,0.18226920484221887
74,0,RCA,1,0.4712439066014356,1.0,0.17176714441886987
75,0,RCA,0,0.4306922382009115,0.0,0.21674286886183697
76,0,RCA,0,0.4981690707098231,1.0,0.24925869729037553
77,0,RCA,0,0.4070915611972052,0.0,0.14585544222404678
78,0,RCA,0,0.392457807711534,1.0,0.13610791265101896
79,0,RCA,0,0.21622166873040627,0.0,0.20633238297768403
80,0,RCA,1,0.5146188415288689,1.0,0.2800679324609497
81,0,RCA,0,0.47467395314950056,1.0,0.24978688360094187
82,0,RCA,0,0.4880579134741938,1.0,0.4275553992927572
83,0,RCA,0,0.4407198234925614,1.0,0.18044136123303273
84,0,RCA,1,0.5492867911349896,1.0,0.10005045506808063
85,0,RCA,0,0.1876142020567654,0.0,0.16215846436469383
86,0,RCA,1,0.5267609906564444,1.0,0.1160827508377209
87,0,RCA,1,0.4758529737957544,1.0,0.16298800816033682
88,0,RCA,0,0.6847976839324373,1.0,0.2019957959263251
89,0,RCA,1,0.5434375714210682,1.0,0.15115935394296826
90,0,RCA,1,0.41519631049657413,0.0,0.07984813460097756
91,0,RCA,0,0.33111191704441684,0.0,0.15770918667934983
92,0,RCA,1,0.6422010056304343,1.0,0.20718500718137622
93,0,RCA,0,0.551562450864268,1.0,0.14128289540843264
94,0,RCA,0,0.5344738817816375,1.0,0.1897062964949608
95,0,RCA,0,0.49964309879572666,1.0,0.20235104161822304
96,0,RCA,1,0.4282775994808828,0.0,0.1499288900980742
97,0,RCA,0,0.4727123697917402,1.0,0.2191387478842884
98,0,RCA,0,0.4821845050070066,1.0,0.12358008360263706
99,0,RCA,0,0.1966217795230889,0.0,0.2023954600746209
100,0,RCA,0,0.5763595454733272,1.0,0.26307363377467463
101,0,RCA,1,0.5488449255939202,1.0,0.09649295477960418
102,0,RCA,0,0.05384029019040252,0.0,0.06862849173585116
103,0,RCA,1,0.3484794644861472,0.0,0.21262172771668011
104,0,RCA,0,0.39940017094753494,0.0,0.1701047542948681
105,0,RCA,0,0.5980661144167738,1.0,0.21539245591640843
106,0,RCA,0,0.4233524698201774,0.0,0.21618339824016675
107,0,RCA,1,0.3904506751836751,0.0,0.11387061970520285
108,0,RCA,0,0.18614507210917547,0.0,0.1561828452236193
109,0,RCA,1,0.4016229859057463,1.0,0.2810566557728098
110,0,RCA,0,0.12677322777585354,0.0,0.20877840638512576
111,0,RCA,0,0.5050408299629499,1.0,0.18072228490255227
112,0,RCA,1,0.485647677754267,1.0,0.1373036510167679
113,0,RCA,0,0.07070446489991715,0.0,0.0656506840023568
114,0,RCA,1,0.701799558738352,1.0,0.23008757943469105
115,0,RCA,1,0.4633191830840872,1.0,0.16914815770593622
116,0,RCA,0,0.36701044582281306,1.0,0.18973636205002486
117,0,RCA,0,0.5337329003642667,1.0,0.13540730204820034
118,0,RCA,0,0.5059516720251037,1.0,0.2712349827235482
119,0,RCA,1,0.45559242839922204,1.0,0.2321028999847662
120,0,RCA,1,0.3459190704555377,0.0,0.16879776287238496
121,0,RCA,1,0.5964039552561694,1.0,0.25828061549578335
122,0,RCA,0,0.3759699562057943,0.0,0.1251271816949468
123,0,RCA,0,0.2802987728373769,0.0,0.08511476423642206
124,0,RCA,0,0.39144462026899757,0.0,0.05913966667729359
125,0,RCA,1,0.45355418394895775,1.0,0.1263020398472104
126,0,RCA,1,0.5666967271484219,1.0,0.1416477270305152
127,0,RCA,0,0.5108858835885867,1.0,0.12540361376391868
128,0,RCA,1,0.2825875978688619,0.0,0.09400356014322428
129,0,RCA,0,0.259533525454622,0.0,0.21071266099075822
130,0,RCA,0,0.13098591622463102,0.0,0.07380856912997116
131,0,RCA,0,0.5094671013890049,1.0,0.09079910427868582
132,0,RCA,1,0.6424669513480096,1.0,0.24068870701229683
133,0,RCA,0,0.28611947846976954,0.0,0.16508863610239546
134,0,RCA,0,0.5714662857193918,1.0,0.3301520813517893
135,0,RCA,1,0.48461893810585416,1.0,0.14271644095795066
136,0,RCA,0,0.15032860639093645,0.0,0.13118293238899914
137,0,RCA,0,0.12870104497000226,0.0,0.21033613112620678
138,0,RCA,1,0.6016706543254042,1.0,0.13669047624287023
139,0,RCA,1,0.6551079246365588,1.0,0.2908779599475474
140,0,RCA,0,0.4011519387097011,1.0,0.18215263945280152
141,0,RCA,0,0.5670383406395532,1.0,0.1899159351239958
142,0,RCA,0,0.1345937644507285,0.0,0.08980313748134536
143,0,RCA,0,0.014876705194565342,0.0,0.044862879160318225
144,0,RCA,1,0.6499385241201883,1.0,0.25450527766725795
145,0,RCA,0,0.5567426357315023,1.0,0.18655499802075992
146,0,RCA,0,0.7044691431588014,1.0,0.3146057620799021
147,0,RCA,1,0.7902181155678432,1.0,0.3411770117513454
148,0,RCA,1,0.4576220584638334,1.0,0.26037175710825655
149,0,RCA,1,0.7200737245498516,1.0,0.2922499341907939
150,0,RCA,0,0.34676596024923395,0.0,0.21020007874057836
151,0,RCA,0,0.29069055070185523,0.0,0.15945921278444752
152,0,RCA,0,0.32940264505124145,0.0,0.18079330208197392
153,0,RCA,0,0.3677708183693072,0.0,0.2364225082285083
154,0,RCA,1,0.38437722210065395,0.0,0.15700324564695523
155,0,RCA,0,0.5449533474377672,1.0,0.13890353362520935
156,0,RCA,1,0.5033947016041461,1.0,0.3341725307524927
157,0,RCA,1,0.2969084516579839,0.0,0.21654625867804206
158,0,RCA,1,0.1507186793667893,0.0,0.17545491019601514
159,0,RCA,0,0.618524802718431,1.0,0.1917343720361978
160,0,RCA,1,0.384750949456607,0.0,0.17829885592083533
161,0,RCA,0,0.49421926931825433,1.0,0.19442816586370248
162,0,RCA,0,0.5109891121840481,1.0,0.10914219951237791
163,0,RCA,1,0.5644690607688028,1.0,0.15356674772334572
164,0,RCA,1,0.5861084335010163,1.0,0.18216518197772458
165,0,RCA,0,0.356246716692706,0.0,0.21109878000544036
166,0,RCA,0,0.08355263371840725,0.0,0.14269371086143154
167,0,RCA,0,0.33183033787241517,0.0,0.22008830241501
168,0,RCA,0,0.15334550482031906,0.0,0.24260816611519073
169,0,RCA,0,0.08671511622917234,0.0,0.12544160488351902
170,0,RCA,0,0.10503001210195147,0.0,0.1774324396787874
171,0,RCA,0,0.4660547513709868,1.0,0.19761378280427622
172,0,RCA,0,0.471967554254608,1.0,0.14545712495556096
173,0,RCA,1,0.5053914253644383,1.0,0.2030689842840107
174,0,RCA,1,0.4696376177912398,1.0,0.16935467205598526
175,0,RCA,0,0.4612748841204873,1.0,0.13396557950022447
176,0,RCA,0,0.17333568068811686,0.0,0.12520039943490366
177,0,RCA,1,0.5116905545985331,1.0,0.1215424144278911
178,0,RCA,0,0.4643307428098299,1.0,0.09894633390368285
179,0,RCA,0,0.15853279195561756,0.0,0.3000064935009783
180,0,RCA,1,0.1375008297462347,0.0,0.09322805575574768
181,0,RCA,0,0.5359316316341941,1.0,0.1908388363971818
182,0,RCA,1,0.37245979092370235,0.0,0.138693960361365
183,0,RCA,0,0.36664819223309825,0.0,0.16492759494511683
184,0,RCA,0,0.49550113439125143,1.0,0.20907876534531694
185,0,RCA,0,0.34388372812837203,0.0,0.1840282663235296
186,0,RCA,0,0.3772134602105694,0.0,0.15976508853900456
187,0,RCA,0,0.46111352406663114,1.0,0.14827535367318567
188,0,RCA,0,0.278682003933606,0.0,0.1058393898790477
189,0,RCA,1,0.4080400022838039,1.0,0.24853187644269337
190,0,RCA,0,0.3898020370095256,0.0,0.14179951102850824
191,0,RCA,0,0.5153823829096676,1.0,0.1473652331646409
192,0,RCA,0,0.04461562564490407,0.0,0.08987730265933576
193,0,RCA,0,0.3414102441915742,0.0,0.13630668644927557
194,0,RCA,0,0.11327226624822709,0.0,0.18756223082768317
195,0,RCA,1,0.5286714333065705,1.0,0.2710816498197828
196,0,RCA,0,0.06452197508929206,0.0,0.04803721602303494
197,0,RCA,1,0.49179667301789015,1.0,0.1857477113729218
198,0,RCA,0,0.5520051789698054,1.0,0.12975023075556535
199,0,RCA,0,0.1362282696996309,0.0,0.14638525119883355
200,0,RCA,0,0.49932885088511236,1.0,0.14322070646552648
201,0,RCA,0,0.4637826250609807,1.0,0.23378001676086407
202,0,RCA,1,0.48506111009429326,1.0,0.09257195500039028
203,0,RCA,0,0.1278801351495061,0.0,0.1533536510486007
204,0,RCA,0,0.22262004686993075,0.0,0.23669406886368222
205,0,RCA,1,0.33587612405208206,0.0,0.15925313658113247
206,0,RCA,1,0.5040604908304385,1.0,0.11663041432647203
207,0,RCA,0,0.45867565714326974,1.0,0.16645647782380912
208,0,RCA,1,0.4124345794127185,1.0,0.13754150359989287
209,0,RCA,0,0.5348971418965599,1.0,0.22926023955898822
210,0,RCA,0,0.13963396847258677,0.0,0.08221616730660053
211,0,RCA,1,0.4637063843619116,1.0,0.13436925548712503
212,0,RCA,0,0.020830345419643945,0.0,0.018257128013829824
213,0,RCA,0,0.4594581250359636,1.0,0.2140088241276243
214,0,RCA,0,0.5353094957310363,1.0,0.16579074499688196
215,0,RCA,0,0.5184810227077429,1.0,0.2081321637636805
216,0,RCA,0,0.28726263431069854,0.0,0.18610104159267563
217,0,RCA,0,0.23297738779185,0.0,0.1656680474298429
218,0,RCA,0,0.2862166845520988,0.0,0.1613259601306403
219,0,RCA,1,0.08367895125748032,0.0,0.13069184572714052
220,0,RCA,1,0.5450741600746831,1.0,0.15603197070450214
221,0,RCA,0,0.28304900954774737,0.0,0.2552942699518083
222,0,RCA,1,0.5081123028325384,1.0,0.12994501156208982
223,0,RCA,1,0.37850682378357287,0.0,0.19393548643317288
224,0,RCA,0,0.5157393092073623,1.0,0.1351661220711321
225,0,RCA,1,0.47132715797311553,1.0,0.1433176141745079
226,0,RCA,1,0.431122803513537,1.0,0.18826216196757117
227,0,RCA,0,0.5124260338986114,1.0,0.0878314882431015
228,0,RCA,1,0.39294676288404834,1.0,0.12402975614428391
229,0,RCA,0,0.4997513204932075,1.0,0.1401104215993632
230,0,RCA,0,0.5005173135286213,1.0,0.24339429826605763
231,0,RCA,1,0.5861387193181821,1.0,0.13668521662368827
232,0,RCA,1,0.4641674030839697,1.0,0.2491850820140321
233,0,RCA,0,0.25720344084200364,0.0,0.1732096028583774
234,0,RCA,0,0.06421935572168325,0.0,0.14325867891374947
235,0,RCA,0,0.49958394815679674,1.0,0.1562348884370225
236,0,RCA,0,0.44328644539669537,1.0,0.1364598746883135
237,0,RCA,0,0.21775015637134976,0.0,0.1654649675428339
238,0,RCA,0,0.13189097777421144,0.0,0.12580630865755668
239,0,RCA,0,0.4199019554065186,1.0,0.1609754938063962
240,0,RCA,1,0.557731753970802,1.0,0.14756745944038868
241,0,RCA,0,0.4192516126013565,1.0,0.13599899776866453
242,0,RCA,1,0.4930545323766628,1.0,0.13575094123644027
243,0,RCA,1,0.4255715678028875,1.0,0.16725164511791368
244,0,RCA,1,0.3786887016014837,1.0,0.1253051629733411
245,0,RCA,0,0.1588964072981827,0.0,0.3680394915031853
246,0,RCA,1,0.5327828462172971,1.0,0.22908100663664333
247,0,RCA,0,0.10774993636358303,0.0,0.19387135699198926
248,0,RCA,1,0.5489172235902884,1.0,0.14536919879871202
249,0,RCA,1,0.5050735745879996,1.0,0.16091941230811468
250,0,RCA,0,0.5053775769309732,1.0,0.10861360426021427
251,0,RCA,0,0.2044712578516089,0.0,0.12262349225132574
252,0,RCA,1,0.510789172476054,1.0,0.23349619675543426
253,0,RCA,0,0.44951560815448593,1.0,0.12140228805210684
254,0,RCA,0,0.47574367528121253,1.0,0.43689202829366736
255,0,RCA,0,0.0694372689403089,0.0,0.05412534740311021
256,0,RCA,0,0.2039281862775947,0.0,0.15838182335772621
257,0,RCA,0,0.10986396878157731,0.0,0.12795901305333457
258,0,RCA,0,0.1667274784760862,0.0,0.21834588217839104
259,0,RCA,1,0.30766164636046883,0.0,0.13153688240078137
260,0,RCA,1,0.6086259963990753,1.0,0.2767823016001998
261,0,RCA,0,0.01698885489925633,0.0,0.027383192529351008
262,0,RCA,0,0.36547297809777507,0.0,0.16102804740133375
263,0,RCA,0,0.031218477627897617,0.0,0.08139416510787506
264,0,RCA,0,0.114372271287408,0.0,0.16004786557472359
265,0,RCA,1,0.40992169059692923,1.0,0.13144858051747504
266,0,RCA,1,0.5661868762620026,1.0,0.1835199957307896
267,0,RCA,0,0.4266573529066978,1.0,0.20601595669986117
268,0,RCA,0,0.07494066889820342,0.0,0.04970599412900731
269,0,RCA,1,0.35129503441303633,0.0,0.21463713162654724
270,0,RCA,0,0.06461652816035539,0.0,0.1375966271780172
271,0,RCA,0,0.49098329118680584,1.0,0.08987650973655636
272,0,RCA,0,0.41279284875074557,1.0,0.09869912554048776
273,0,RCA,1,0.7545496432474769,1.0,0.278105173237572
274,0,RCA,1,0.5698248121504188,1.0,0.22136727309979953
275,0,RCA,1,0.48586745297557066,1.0,0.14367686881839659
276,0,RCA,0,0.08879697215505425,0.0,0.09071192493644319
277,0,RCA,0,0.4924201819433782,1.0,0.11166522600538908
278,0,RCA,1,0.48331720789560567,1.0,0.14662185399808902
279,0,RCA,0,0.42083280143219076,1.0,0.24718832300408308
280,0,RCA,0,0.4644708115157468,1.0,0.25049348750153627
281,0,RCA,0,0.580932469016469,1.0,0.1028620125804055
282,0,RCA,1,0.5477753320289903,1.0,0.12398364926450745
283,0,RCA,1,0.47764441506739763,1.0,0.13777626618128175
284,0,RCA,0,0.37593319306879347,0.0,0.23886183799672706
285,0,RCA,0,0.09294959876586066,0.0,0.12774863525196728
286,0,RCA,0,0.18564110047955884,0.0,0.1913368180306966
287,0,RCA,0,0.2759305361478795,0.0,0.10386293225907828
288,0,RCA,1,0.2490278089526421,0.0,0.17260863339580843
289,0,RCA,0,0.1441046938890355,0.0,0.09213102334852927
290,0,RCA,0,0.03664472627983569,0.0,0.06757692297378184
291,0,RCA,0,0.34643415329170396,0.0,0.17349651509873965
292,0,RCA,0,0.3146012520346812,0.0,0.20921576164363292
293,0,RCA,0,0.33048736412974267,0.0,0.21468585762629278
294,0,RCA,1,0.5361966494309269,1.0,0.2055569304028727
295,0,RCA,0,0.240046505795754,0.0,0.2189291114669276
296,0,RCA,0,0.13505554101051057,0.0,0.12198819234004177
297,0,RCA,0,0.14236889106834372,0.0,0.09901160598956481
298,0,RCA,1,0.5001398265181941,1.0,0.15269391303733193
299,0,RCA,0,0.10655288220252332,0.0,0.07543281496997571
300,0,RCA,0,0.103407730849169,0.0,0.12823633686936275
301,0,RCA,0,0.05093830602204342,0.0,0.09521741155757632
302,0,RCA,0,0.37062796392998254,0.0,0.1784614401735236
0,1,RCA,1,0.28972744120166005,0.0,0.20381635942900822
1,1,RCA,0,0.5538981942607902,1.0,0.2647015550001076
2,1,RCA,0,0.52333552535138,1.0,0.20486229713934184
3,1,RCA,0,0.09793189511821626,0.0,0.17321733600360062
4,1,RCA,0,0.14615194365013828,0.0,0.1930660745095727
5,1,RCA,1,0.45030423543488673,1.0,0.1895790627377837
6,1,RCA,0,0.4581444755161758,1.0,0.15156645906729455
7,1,RCA,1,0.5296471011673103,1.0,0.2532583696228072
8,1,RCA,0,0.00958128336849373,0.0,0.008391665767485117
9,1,RCA,1,0.39759836876788507,0.0,0.2211338239917719
10,1,RCA,0,0.4572019309601394,1.0,0.2188515805876104
11,1,RCA,1,0.5299928307457373,1.0,0.36656345120171224
12,1,RCA,1,0.5989559769430337,1.0,0.3062148793345267
13,1,RCA,1,0.5063286763577958,1.0,0.13503945199543654
14,1,RCA,0,0.3218242050228182,0.0,0.2028137657608699
15,1,RCA,1,0.5054085231483468,1.0,0.23097341837946112
16,1,RCA,0,0.06319614102407974,0.0,0.164727451139073
17,1,RCA,0,0.17243296024284516,0.0,0.15232174094143638
18,1,RCA,1,0.4583742181265903,1.0,0.13738447655636865
19,1,RCA,0,0.48500304074065204,1.0,0.1529643249812334
20,1,RCA,0,0.051016701003068626,0.0,0.061809624577934416
21,1,RCA,0,0.5275642388911989,1.0,0.10716947025551526
22,1,RCA,0,0.5709060028995322,1.0,0.1929024174450048
23,1,RCA,1,0.5581667953360163,1.0,0.14579999005857242
24,1,RCA,0,0.44228376080284787,1.0,0.15611861173938058
25,1,RCA,0,0.535610698743397,1.0,0.10106720326908325
26,1,RCA,0,0.11458226837834914,0.0,0.1837803888745836
27,1,RCA,1,0.16555208803212057,0.0,0.20464547720049275
28,1,RCA,0,0.5023417300471178,1.0,0.11729893326116475
29,1,RCA,0,0.5065499557330236,1.0,0.22181047044591062
30,1,RCA,0,0.6496641760031546,1.0,0.2194443795950568
31,1,RCA,1,0.4390715609595967,1.0,0.11003458150383044
32,1,RCA,1,0.5072698658749223,1.0,0.09400651619765998
33,1,RCA,1,0.5202398530839547,1.0,0.180566375791335
34,1,RCA,1,0.6056185799310985,1.0,0.17966485142149574
35,1,RCA,0,0.10508144743635811,0.0,0.14223651161661044
36,1,RCA,0,0.487244192374418,1.0,0.14919240462977235
37,1,RCA,0,0.5054891774333776,1.0,0.2334274469921666
38,1,RCA,0,0.6481155145501455,1.0,0.285008329903577
39,1,RCA,1,0.5064728016771106,1.0,0.18462620360212034
40,1,RCA,0,0.5745703280065638,1.0,0.14195975604024413
41,1,RCA,0,0.08550540252587263,0.0,0.08270088651936491
42,1,RCA,0,0.10004679012055913,0.0,0.11558660841071981
43,1,RCA,0,0.3727847780598082,0.0,0.24992105853864424
44,1,RCA,1,0.38782175768812377,1.0,0.2628246460152458
45,1,RCA,1,0.5417344843655402,1.0,0.2694155436167803
46,1,RCA,1,0.18624808711914212,0.0,0.11959747853104535
47,1,RCA,1,0.6972854301036938,1.0,0.19481273964103052
48,1,RCA,0,0.08168004294195935,0.0,0.1676522016747848
49,1,RCA,1,0.1659219140858642,0.0,0.13457840854206263
50,1,RCA,0,0.37112814640259706,1.0,0.1573313839123076
51,1,RCA,0,0.399495443989337,0.0,0.14185633200177783
52,1,RCA,1,0.412322006649517,1.0,0.11902475634971704
53,1,RCA,1,0.2782110190686852,0.0,0.22032433772434598
54,1,RCA,0,0.06546478962504863,0.0,0.14682407844570478
55,1,RCA,1,0.5378872002932662,1.0,0.13148159497697315
56,1,RCA,1,0.48958257484961076,1.0,0.12991421104609113
57,1,RCA,1,0.5285377688145988,1.0,0.11709420232704065
58,1,RCA,0,0.3985002703992154,0.0,0.08535550001015524
59,1,RCA,1,0.4549669169036161,1.0,0.2359725281793451
60,1,RCA,0,0.1279176237177747,0.0,0.20120139564731684
61,1,RCA,1,0.37856049579419276,0.0,0.3227701778220929
62,1,RCA,1,0.2187340874931876,0.0,0.1852511018351893
63,1,RCA,1,0.5270512452781616,1.0,0.12376121157771608
64,1,RCA,0,0.0685837421619952,0.0,0.15646428079195593
65,1,RCA,0,0.4398984654166661,1.0,0.23194421934002551
66,1,RCA,0,0.48693270907933434,1.0,0.15204453530343898
67,1,RCA,0,0.19369079565651579,0.0,0.17450996223366208
68,1,RCA,0,0.13874789861816392,0.0,0.17136683465277952
69,1,RCA,1,0.5119387270764247,1.0,0.1939821145274528
70,1,RCA,0,0.12407164516169804,0.0,0.1201061422119028
71,1,RCA,1,0.6365901859463455,1.0,0.10649546131559229
72,1,RCA,0,0.3169950974403157,0.0,0.13057678965057634
73,1,RCA,1,0.48919950180452715,1.0,0.3918172866669428
74,1,RCA,1,0.531653562073067,1.0,0.23388050894206064
75,1,RCA,0,0.21733878376368773,0.0,0.2305100834945974
76,1,RCA,0,0.5742414539393802,1.0,0.20401343092910307
77,1,RCA,0,0.413450935755475,1.0,0.20582352358833828
78,1,RCA,0,0.2848869957990731,0.0,0.08210979783529157
79,1,RCA,0,0.2155003825467164,0.0,0.10218899246733026
80,1,RCA,1,0.5386536775150824,1.0,0.17060754378427445
81,1,RCA,0,0.58888481182778,1.0,0.136928085651974
82,1,RCA,0,0.5237363587662403,1.0,0.12991708185571937
83,1,RCA,0,0.3818977496929909,0.0,0.23209602728844908
84,1,RCA,1,0.7234342305533096,1.0,0.2265688726174786
85,1,RCA,0,0.3087614705288548,0.0,0.22341803138281416
86,1,RCA,1,0.5654706864784648,1.0,0.1651633768272331
87,1,RCA,1,0.4188878210587642,1.0,0.12301080190182734
88,1,RCA,0,0.7045389317287433,1.0,0.1841589029126497
89,1,RCA,1,0.5509495556591656,1.0,0.26643383218807337
90,1,RCA,1,0.445882468820771,1.0,0.2220527979176391
91,1,RCA,0,0.15220139056119472,0.0,0.11577192150939977
92,1,RCA,1,0.6817602721802851,1.0,0.2733205487438781
93,1,RCA,0,0.5474817616781823,1.0,0.146415744214622
94,1,RCA,0,0.4517438173211507,1.0,0.12488156574061943
95,1,RCA,0,0.48782347204319826,1.0,0.19160927935558025
96,1,RCA,1,0.44882668105507306,1.0,0.10784494980742476
97,1,RCA,0,0.5740965438667186,1.0,0.12277435687518345
98,1,RCA,0,0.4476376250896059,1.0,0.08835593422613525
99,1,RCA,0,0.3224136447982388,0.0,0.2094089686152832
100,1,RCA,0,0.532172545464921,1.0,0.29942932293052077
101,1,RCA,1,0.5854384102472294,1.0,0.17370508657976103
102,1,RCA,0,0.06535862131370794,0.0,0.10438131079448992
103,1,RCA,1,0.47142344573313705,1.0,0.1020547253912627
104,1,RCA,0,0.4243242059531566,1.0,0.17012823698038698
105,1,RCA,0,0.5134592808630186,1.0,0.1537170712630666
106,1,RCA,0,0.43588095444563046,1.0,0.15411116636990213
107,1,RCA,1,0.10959469837124622,0.0,0.1795699003101747
108,1,RCA,0,0.13651742725420465,0.0,0.07233204178200825
109,1,RCA,1,0.5329038472601092,1.0,0.1509530002013219
110,1,RCA,0,0.1671519743150541,0.0,0.13056804731742996
111,1,RCA,0,0.4280117125189633,1.0,0.20522553991921266
112,1,RCA,1,0.4150571023096814,1.0,0.1471128103846735
113,1,RCA,0,0.10011350502113574,0.0,0.10699701666465326
114,1,RCA,1,0.5834380028041813,1.0,0.1267799876046236
115,1,RCA,1,0.43886783206233054,1.0,0.10312720299893163
116,1,RCA,0,0.38904991867183714,1.0,0.25859089682724967
117,1,RCA,0,0.5282935387421548,1.0,0.22148516489595405
118,1,RCA,0,0.5390687898834222,1.0,0.16396649108098343
119,1,RCA,1,0.4372585419139162,1.0,0.13762400511236605
120,1,RCA,1,0.46614969544247903,1.0,0.1717014970406806
121,1,RCA,1,0.5076578327573614,1.0,0.1483371914681243
122,1,RCA,0,0.46852762284998684,1.0,0.27905999465594755
123,1,RCA,0,0.3991556838045559,0.0,0.2598621066133214
124,1,RCA,0,0.4314017791937316,1.0,0.29176776765952905
125,1,RCA,1,0.5010410674909392,1.0,0.18944346658508282
126,1,RCA,1,0.5627278240138383,1.0,0.14252251911302372
127,1,RCA,0,0.5344915470732554,1.0,0.13327199251251942
128,1,RCA,1,0.3099037934158124,0.0,0.1232123552147037
129,1,RCA,0,0.07593222849090865,0.0,0.10706420883785724
130,1,RCA,0,0.11008665981753406,0.0,0.1515672512615263
131,1,RCA,0,0.5613319865583006,1.0,0.17292004419691887
132,1,RCA,1,0.5009579919920567,1.0,0.14343672446091305
133,1,RCA,0,0.32642857770974015,0.0,0.14586509496985306
134,1,RCA,0,0.5906724298428926,1.0,0.2187664609628402
135,1,RCA,1,0.5240336801542338,1.0,0.3233507632442857
136,1,RCA,0,0.13881250488749,0.0,0.09301980704633235
137,1,RCA,0,0.18882794920257892,0.0,0.17304060833888696
138,1,RCA,1,0.5378842131560072,1.0,0.15192606532163744
139,1,RCA,1,0.5500714610597058,1.0,0.21886822438411047
140,1,RCA,0,0.31677596263495367,0.0,0.13093413027586898
141,1,RCA,0,0.5363617926520303,1.0,0.1436144850275407
142,1,RCA,0,0.09707682057234532,0.0,0.09931727913553545
143,1,RCA,0,0.007415613710253157,0.0,0.02325448334047865
144,1,RCA,1,0.6524163390423112,1.0,0.15891158940038408
145,1,RCA,0,0.47609801743279306,1.0,0.17755277042950357
146,1,RCA,0,0.66140732297754,1.0,0.0746437194133075
147,1,RCA,1,0.642578196859761,1.0,0.3195089384131171
148,1,RCA,1,0.46981600056043915,1.0,0.1868605067231014
149,1,RCA,1,0.6180975445953432,1.0,0.19133245647016905
150,1,RCA,0,0.21162650721360723,0.0,0.16766471420627185
151,1,RCA,0,0.3058928798602921,0.0,0.17437425752718982
152,1,RCA,0,0.33854776259662167,0.0,0.17356508439066914
153,1,RCA,0,0.2658460692436734,0.0,0.15529881116275676
154,1,RCA,1,0.4493638880259993,1.0,0.18936996032150083
155,1,RCA,0,0.6642364611349336,1.0,0.1488454442275754
156,1,RCA,1,0.6526630827953446,1.0,0.14583058446566421
157,1,RCA,1,0.183072424358888,0.0,0.14805414025864652
158,1,RCA,1,0.22715598071939086,0.0,0.1756428835638688
159,1,RCA,0,0.6861938149242137,1.0,0.1536086579793251
160,1,RCA,1,0.4538306153210963,1.0,0.09795748046859654
161,1,RCA,0,0.5528065714681681,1.0,0.29847581098770354
162,1,RCA,0,0.4323630296866591,1.0,0.1800713994027553
163,1,RCA,1,0.5382695487154062,1.0,0.3275395759734455
164,1,RCA,1,0.5992624414143165,1.0,0.17865561654215456
165,1,RCA,0,0.4981421370200288,1.0,0.158537098137306
166,1,RCA,0,0.015936140439737175,0.0,0.10364596804046232
167,1,RCA,0,0.50519197938952,1.0,0.18111256962730335
168,1,RCA,0,0.15877467400524525,0.0,0.217228288033412
169,1,RCA,0,0.08354765128800831,0.0,0.04289635357680934
170,1,RCA,0,0.09825773322546007,0.0,0.13172599693723308
171,1,RCA,0,0.46756036963739217,1.0,0.23671489629621056
172,1,RCA,0,0.4009167352048757,1.0,0.146229509348339
173,1,RCA,1,0.518755790987691,1.0,0.1598718487935612
174,1,RCA,1,0.40394991285335435,1.0,0.15574802898213025
175,1,RCA,0,0.3832411201442684,1.0,0.12697643950225612
176,1,RCA,0,0.21151637251200064,0.0,0.1533970734874441
177,1,RCA,1,0.4754897824733827,1.0,0.12530432448777817
178,1,RCA,0,0.28519039562203474,0.0,0.09484657992571793
179,1,RCA,0,0.1798339346528937,0.0,0.19912634894956766
180,1,RCA,1,0.1748987862254361,0.0,0.1630707198240898
181,1,RCA,0,0.5346325124683792,1.0,0.2226729431810912
182,1,RCA,1,0.5813591995609099,1.0,0.2476287637359733
183,1,RCA,0,0.4116528406142292,1.0,0.3244483032610611
184,1,RCA,0,0.3592316378634225,0.0,0.20451534891451703
185,1,RCA,0,0.3348132350436025,0.0,0.1560822428824356
186,1,RCA,0,0.45641967236968645,1.0,0.17048590087193038
187,1,RCA,0,0.4068505909878738,0.0,0.14727654710763566
188,1,RCA,0,0.2678169774100581,0.0,0.16538357045665297
189,1,RCA,1,0.5073546967908514,1.0,0.16350213555124027
190,1,RCA,0,0.4120081378148189,1.0,0.14895640350514816
191,1,RCA,0,0.46134243490462873,1.0,0.21150711153486634
192,1,RCA,0,0.04826750172692624,0.0,0.07122411292096012
193,1,RCA,0,0.3522653442634191,1.0,0.20902930340597115
194,1,RCA,0,0.033357412115677026,0.0,0.056936440590694956
195,1,RCA,1,0.4581166195094246,1.0,0.21422619728854436
196,1,RCA,0,0.06191603254882434,0.0,0.09754745328217401
197,1,RCA,1,0.5766198089218417,1.0,0.22018953805111352
198,1,RCA,0,0.5210290606278092,1.0,0.13465586290768639
199,1,RCA,0,0.16891756197194785,0.0,0.2626053913380118
200,1,RCA,0,0.4755353736556105,1.0,0.16091878535932108
201,1,RCA,0,0.44432525011657686,1.0,0.2845978620082873
202,1,RCA,1,0.5400557029799108,1.0,0.1354347011192436
203,1,RCA,0,0.11061235808639072,0.0,0.1338821404552082
204,1,RCA,0,0.2647458662480127,0.0,0.11717592586751091
205,1,RCA,1,0.33659925964239834,0.0,0.14594503029824313
206,1,RCA,1,0.5802749241647462,1.0,0.17234091251067996
207,1,RCA,0,0.47424510705291095,1.0,0.1444673772403069
208,1,RCA,1,0.3169443924108951,0.0,0.184045989919568
209,1,RCA,0,0.5254386102195355,1.0,0.185244991946801
210,1,RCA,0,0.03233659742635804,0.0,0.03757809662331296
211,1,RCA,1,0.6612739660847238,1.0,0.20727365880538606
212,1,RCA,0,0.026053775992914134,0.0,0.11908517445324092
213,1,RCA,0,0.49363114574206673,1.0,0.22393927666335794
214,1,RCA,0,0.4898213646393239,1.0,0.17798454470816577
215,1,RCA,0,0.5540708284016743,1.0,0.11837241433959916
216,1,RCA,0,0.34580031244713766,0.0,0.18350225965582703
217,1,RCA,0,0.2337002155828496,0.0,0.19164518417863283
218,1,RCA,0,0.28794951524620754,0.0,0.07945747600286701
219,1,RCA,1,0.03515553444687588,0.0,0.0625385566730201
220,1,RCA,1,0.6081982493665306,1.0,0.11889720425418826
221,1,RCA,0,0.3309061659239244,0.0,0.19075987995900295
222,1,RCA,1,0.46596007580530613,1.0,0.12010667071016023
223,1,RCA,1,0.32127974735091547,0.0,0.20941248934777462
224,1,RCA,0,0.48445359395313353,1.0,0.1558646682345195
225,1,RCA,1,0.3998164241012868,0.0,0.1491518845382837
226,1,RCA,1,0.3996489826738645,1.0,0.15798354288216315
227,1,RCA,0,0.387294740153514,1.0,0.13345265778022525
228,1,RCA,1,0.4580544920231404,1.0,0.1478846470734987
229,1,RCA,0,0.4514526841601432,1.0,0.14415249922827966
230,1,RCA,0,0.5388900219768737,1.0,0.15750142104851844
231,1,RCA,1,0.5317479587934923,1.0,0.1586777306955131
232,1,RCA,1,0.4626057214232471,1.0,0.19101440676450393
233,1,RCA,0,0.2489642027846161,0.0,0.23507117956060197
234,1,RCA,0,0.33753812307114245,0.0,0.1781620365405705
235,1,RCA,0,0.5314387670498364,1.0,0.198771625650554
236,1,RCA,0,0.42198635562571984,1.0,0.18046475578658167
237,1,RCA,0,0.28548270865218883,0.0,0.17093984686633648
238,1,RCA,0,0.09751711669343696,0.0,0.06637001045583177
239,1,RCA,0,0.4829231695791422,1.0,0.14851285260873054
240,1,RCA,1,0.5766920646391027,1.0,0.16786259815341997
241,1,RCA,0,0.4026895453242319,0.0,0.21121311535060106
242,1,RCA,1,0.45483732614435934,1.0,0.18886661040460034
243,1,RCA,1,0.3857053043651555,1.0,0.16972916789112102
244,1,RCA,1,0.43310858363690863,1.0,0.12394483552991453
245,1,RCA,0,0.1901887676675302,0.0,0.1763152736059412
246,1,RCA,1,0.626055067812197,1.0,0.13710402143903866
247,1,RCA,0,0.09471457891964766,0.0,0.09966962181156773
248,1,RCA,1,0.5461838482220217,1.0,0.12073748937029494
249,1,RCA,1,0.4949611733346555,1.0,0.17042280514050234
250,1,RCA,0,0.5430759177898468,1.0,0.1216802147777497
251,1,RCA,0,0.26565472766794734,0.0,0.21912306104153903
252,1,RCA,1,0.3877806582873185,0.0,0.301138560803516
253,1,RCA,0,0.37283196061247575,1.0,0.12523220854196382
254,1,RCA,0,0.4306843198200581,1.0,0.43936280575433745
255,1,RCA,0,0.04223872675089932,0.0,0.04905476290762317
256,1,RCA,0,0.26920177486825053,0.0,0.12115971409496851
257,1,RCA,0,0.2069572799812388,0.0,0.13353262494444712
258,1,RCA,0,0.03974278482557417,0.0,0.06922261542511665
259,1,RCA,1,0.4516570287714335,1.0,0.23766899645631973
260,1,RCA,1,0.6245712221503535,1.0,0.24669118718365218
261,1,RCA,0,0.08395152207292969,0.0,0.0729657708388857
262,1,RCA,0,0.21350425319836197,0.0,0.12386138272302244
263,1,RCA,0,0.05769821677454295,0.0,0.13574076733328655
264,1,RCA,0,0.10880061755382175,0.0,0.10871096510431838
265,1,RCA,1,0.3757056133157652,1.0,0.11923417990900953
266,1,RCA,1,0.4818475669800328,1.0,0.1570336107087616
267,1,RCA,0,0.43324093383086276,1.0,0.08398594281329841
268,1,RCA,0,0.13606106649930014,0.0,0.12655932448649937
269,1,RCA,1,0.3187438322288306,0.0,0.1687682910792773
270,1,RCA,0,0.05749766771229366,0.0,0.08751901045367422
271,1,RCA,0,0.5569320988967914,1.0,0.1898517990251677
272,1,RCA,0,0.34892783181831716,1.0,0.12712490489237882
273,1,RCA,1,0.6549319774456784,1.0,0.1346139136114417
274,1,RCA,1,0.5322057962876459,1.0,0.20203238972044696
275,1,RCA,1,0.41878354567712356,1.0,0.19117329548609024
276,1,RCA,0,0.25732890200918396,0.0,0.14393580293169148
277,1,RCA,0,0.5490608377266497,1.0,0.22968184464916336
278,1,RCA,1,0.43286152900567965,1.0,0.1587833588844662
279,1,RCA,0,0.4555386463261324,1.0,0.18634980030727138
280,1,RCA,0,0.5205339314188147,1.0,0.23999531506729038
281,1,RCA,0,0.5121665966568343,1.0,0.11838824726379626
282,1,RCA,1,0.4620307394532905,1.0,0.10977860938993894
283,1,RCA,1,0.45255844483273977,1.0,0.2040246261787294
284,1,RCA,0,0.36984800636103493,1.0,0.09582572085360835
285,1,RCA,0,0.21021127902815107,0.0,0.19959075426760237
286,1,RCA,0,0.21163430577011574,0.0,0.22154077703628836
287,1,RCA,0,0.14428167268691494,0.0,0.1731671866153965
288,1,RCA,1,0.26177658627734157,0.0,0.1848034537479954
289,1,RCA,0,0.10224195149138464,0.0,0.13861810655217904
290,1,RCA,0,0.1893134684579882,0.0,0.12339220898922146
291,1,RCA,0,0.3401375804460166,0.0,0.175354024779652
292,1,RCA,0,0.416299508626588,1.0,0.1822571839668935
293,1,RCA,0,0.3142750186308015,0.0,0.11393438905569842
294,1,RCA,1,0.45946289829074144,1.0,0.21486677189323616
295,1,RCA,0,0.21220542004136442,0.0,0.2148151652746091
296,1,RCA,0,0.061445194141327514,0.0,0.07095997414239756
297,1,RCA,0,0.07346818067188889,0.0,0.09325714621034745
298,1,RCA,1,0.4481201382801542,1.0,0.13803463982665937
299,1,RCA,0,0.04092569224115778,0.0,0.08453744122634238
300,1,RCA,0,0.1139644346029607,0.0,0.1647870082289328
301,1,RCA,0,0.044269874391746636,0.0,0.017869419327057007
302,1,RCA,0,0.33903303266736395,0.0,0.2216862988891186
